geo_region_name,browser_code,suggested_bid_cpm,raw_bid,bid_method,exploration_direction,exploration_adjustment,observation_count,win_rate,ctr,expected_value_cpm,is_profitable,npi_multiplier
Pennsylvania,143,5.79,5.79,v6_landscape_volume,neutral,1.0,56714,0.1242,0.00215236,4.3774,True,1.0
New York,143,6.42,6.42,v6_landscape_volume,neutral,1.0,45383,0.0869,0.00229652,4.6706,True,1.0
New York,14,7.66,7.66,v6_landscape_volume,neutral,1.0,42949,0.0547,0.00128323,2.6098,True,1.0
Ohio,143,6.42,6.42,v6_landscape_volume,neutral,1.0,41986,0.0885,0.00189545,3.8549,True,1.0
North Carolina,143,6.65,6.65,v6_landscape_volume,neutral,1.0,37590,0.0802,0.0017652,3.59,True,1.0
Illinois,143,6.72,6.72,v6_landscape_volume,neutral,1.0,34272,0.0696,0.00175566,3.5706,True,1.0
Michigan,143,6.96,6.96,v6_landscape_volume,neutral,1.0,31236,0.0651,0.00292258,5.9438,True,1.0
Pennsylvania,14,7.04,7.04,v6_landscape_volume,neutral,1.0,27444,0.0726,3.181e-05,0.0647,False,1.0
Texas,143,6.72,6.72,v6_landscape_volume,neutral,1.0,26460,0.0856,0.00486773,9.8998,True,1.0
Georgia,143,6.33,6.33,v6_landscape_volume,neutral,1.0,26037,0.0841,0.00093283,1.8972,True,1.0
Florida,143,6.26,6.26,v6_landscape_volume,neutral,1.0,25348,0.1052,0.00076885,1.5637,True,1.0
Missouri,143,6.8,6.8,v6_landscape_volume,neutral,1.0,22770,0.0711,0.00247223,5.0279,True,1.0
Ohio,14,7.66,7.66,v6_landscape_volume,neutral,1.0,22187,0.057,4.92e-05,0.1001,False,1.0
Illinois,14,7.97,7.97,v6_landscape_volume,neutral,1.0,21318,0.0487,0.00286924,5.8354,True,1.0
Wisconsin,143,7.34,7.34,v6_landscape_volume,neutral,1.0,21225,0.0552,5.766e-05,0.1173,False,1.0
Wisconsin,14,8.59,8.59,v6_landscape_volume,neutral,1.0,21087,0.033,8.926e-05,0.1815,False,1.0
Texas,14,7.89,7.89,v6_landscape_volume,neutral,1.0,20448,0.0462,6.6e-05,0.1342,False,1.0
South Carolina,143,6.65,6.65,v6_landscape_volume,neutral,1.0,19682,0.0804,0.00313194,6.3696,True,1.0
Massachusetts,14,8.05,8.05,v6_landscape_volume,neutral,1.0,18740,0.0391,8.434e-05,0.1715,False,1.0
North Carolina,14,7.81,7.81,v6_landscape_volume,neutral,1.0,17848,0.0511,0.01264607,25.7191,True,1.0
Michigan,14,8.2,8.2,v6_landscape_volume,neutral,1.0,17230,0.0407,8.779e-05,0.1786,False,1.0
Massachusetts,143,6.88,6.88,v6_landscape_volume,neutral,1.0,17122,0.0749,0.00233031,4.7393,True,1.0
Florida,14,7.51,7.51,v6_landscape_volume,neutral,1.0,15656,0.0471,0.00138048,2.8076,True,1.0
Georgia,14,7.51,7.51,v6_landscape_volume,neutral,1.0,14577,0.0496,0.00273787,5.5682,True,1.0
Alabama,143,6.33,6.33,v6_landscape_volume,neutral,1.0,11520,0.0881,0.00689205,14.0168,True,1.0
Missouri,14,7.97,7.97,v6_landscape_volume,neutral,1.0,10606,0.0521,0.00010963,0.223,False,1.0
Louisiana,143,7.27,7.27,v6_landscape_volume,neutral,1.0,9784,0.0612,0.00488733,9.9397,True,1.0
Indiana,143,5.41,5.41,v6_landscape_volume,neutral,1.0,9219,0.1588,4.399e-05,0.0895,False,1.0
Tennessee,143,6.26,6.26,v6_landscape_volume,neutral,1.0,8436,0.1034,0.00356735,7.2551,True,1.0
Oklahoma,143,6.72,6.72,v6_landscape_volume,neutral,1.0,8372,0.0757,0.00460805,9.3717,True,1.0
New York,144,6.42,6.42,v6_landscape_volume,neutral,1.0,8167,0.1195,0.00205613,4.1817,True,1.0
New Jersey,143,6.26,6.26,v6_landscape_volume,neutral,1.0,8110,0.1014,0.00242295,4.9277,True,1.0
Texas,144,6.65,6.65,v6_landscape_volume,neutral,1.0,7768,0.107,0.00353851,7.1965,True,1.0
Minnesota,143,5.71,5.71,v6_landscape_volume,neutral,1.0,7742,0.1184,0.00440342,8.9555,True,1.0
New Jersey,14,7.51,7.51,v6_landscape_volume,neutral,1.0,7386,0.0652,0.0001252,0.2546,False,1.0
South Carolina,14,7.81,7.81,v6_landscape_volume,neutral,1.0,7246,0.0476,0.00017207,0.3499,False,1.0
Louisiana,14,8.44,8.44,v6_landscape_volume,neutral,1.0,7002,0.0279,0.00028225,0.574,True,1.0
Maryland,143,5.79,5.79,v6_landscape_volume,neutral,1.0,6888,0.1215,7.527e-05,0.1531,False,1.0
Virginia,143,6.03,6.03,v6_landscape_volume,neutral,1.0,6612,0.1033,8.938e-05,0.1818,False,1.0
Arkansas,143,6.18,6.18,v6_landscape_volume,neutral,1.0,6380,0.0987,0.00464296,9.4427,True,1.0
Georgia,144,6.33,6.33,v6_landscape_volume,neutral,1.0,6203,0.1565,0.00106223,2.1603,True,1.0
Illinois,144,6.72,6.72,v6_landscape_volume,neutral,1.0,6139,0.1343,7.625e-05,0.1551,False,1.0
Florida,144,6.26,6.26,v6_landscape_volume,neutral,1.0,6026,0.1158,9.026e-05,0.1836,False,1.0
Minnesota,14,6.96,6.96,v6_landscape_volume,neutral,1.0,5973,0.0874,0.00011595,0.2358,False,1.0
Nebraska,143,6.65,6.65,v6_landscape_volume,neutral,1.0,5705,0.0904,0.00011939,0.2428,False,1.0
New Mexico,143,6.65,6.65,v6_landscape_volume,neutral,1.0,5664,0.087,0.00202349,4.1153,True,1.0
Alabama,14,7.58,7.58,v6_landscape_volume,neutral,1.0,5505,0.0595,0.0001823,0.3708,False,1.0
Indiana,14,6.65,6.65,v6_landscape_volume,neutral,1.0,5430,0.0821,0.00013491,0.2744,False,1.0
Connecticut,14,8.44,8.44,v6_landscape_volume,neutral,1.0,5356,0.0342,0.00030355,0.6174,True,1.0
Kansas,143,6.65,6.65,v6_landscape_volume,neutral,1.0,5290,0.0807,0.00014113,0.287,False,1.0
Maryland,14,6.96,6.96,v6_landscape_volume,neutral,1.0,5239,0.0819,0.00232392,4.7263,True,1.0
Virginia,14,7.27,7.27,v6_landscape_volume,neutral,1.0,5121,0.0723,0.00015969,0.3248,False,1.0
Kentucky,143,5.79,5.79,v6_landscape_volume,neutral,1.0,5092,0.1209,0.00163495,3.3251,True,1.0
West Virginia,143,6.5,6.5,v6_landscape_volume,neutral,1.0,4917,0.0842,0.0001456,0.2961,False,1.0
Iowa,143,6.1,6.1,v6_landscape_volume,neutral,1.0,4647,0.1074,0.01127203,22.9246,True,1.0
California,143,6.26,6.26,v6_landscape_volume,neutral,1.0,4556,0.0906,0.00014966,0.3044,False,1.0
Unknown,143,6.26,6.26,v6_landscape_volume,neutral,1.0,4352,0.0911,0.00284691,5.7899,True,1.0
Connecticut,143,7.27,7.27,v6_landscape_volume,neutral,1.0,4332,0.0734,0.00018492,0.3761,False,1.0
Virginia,144,6.03,6.03,v6_landscape_volume,neutral,1.0,4151,0.1281,0.01593032,32.3985,True,1.0
Kansas,14,7.81,7.81,v6_landscape_volume,neutral,1.0,4031,0.0457,0.00030355,0.6174,True,1.0
Mississippi,143,6.5,6.5,v6_landscape_volume,neutral,1.0,3995,0.0823,0.01398993,28.4522,True,1.0
Colorado,143,6.33,6.33,v6_landscape_volume,neutral,1.0,3989,0.0999,0.00256471,5.216,True,1.0
Oklahoma,14,7.97,7.97,v6_landscape_volume,neutral,1.0,3947,0.0491,0.00028858,0.5869,True,1.0
Nebraska,14,7.89,7.89,v6_landscape_volume,neutral,1.0,3828,0.0411,0.00034786,0.7075,True,1.0
District of Columbia,14,7.51,7.51,v6_landscape_volume,neutral,1.0,3467,0.0564,0.00028102,0.5715,True,1.0
Maine,143,6.88,6.88,v6_landscape_volume,neutral,1.0,3346,0.0709,0.00023923,0.4865,False,1.0
Tennessee,14,7.51,7.51,v6_landscape_volume,neutral,1.0,3272,0.061,0.00028602,0.5817,True,1.0
Pennsylvania,144,5.79,5.79,v6_landscape_volume,neutral,1.0,3261,0.1299,0.00456715,9.2885,True,1.0
Unknown,14,7.51,7.51,v6_landscape_volume,neutral,1.0,3192,0.069,0.00183905,3.7402,True,1.0
New Jersey,144,6.26,6.26,v6_landscape_volume,neutral,1.0,3168,0.1008,0.00018334,0.3729,False,1.0
Kentucky,14,7.04,7.04,v6_landscape_volume,neutral,1.0,3008,0.086,0.00022501,0.4576,False,1.0
Maine,14,8.12,8.12,v6_landscape_volume,neutral,1.0,2993,0.0375,0.00045967,0.9349,True,1.0
Arkansas,14,7.43,7.43,v6_landscape_volume,neutral,1.0,2828,0.0666,0.00497361,10.1151,True,1.0
District of Columbia,143,6.26,6.26,v6_landscape_volume,neutral,1.0,2812,0.1075,0.00019384,0.3942,False,1.0
Arizona,143,6.33,6.33,v6_landscape_volume,neutral,1.0,2708,0.0743,0.00029385,0.5976,True,1.0
Colorado,14,7.51,7.51,v6_landscape_volume,neutral,1.0,2674,0.0601,0.00034049,0.6925,True,1.0
Washington,143,5.88,5.88,v6_landscape_volume,neutral,1.0,2576,0.1068,0.00397147,8.077,True,1.0
North Carolina,144,6.57,6.57,v6_landscape_volume,neutral,1.0,2561,0.124,0.00018817,0.3827,False,1.0
Ohio,144,6.42,6.42,v6_landscape_volume,neutral,1.0,2461,0.115,0.00020692,0.4208,False,1.0
Iowa,14,7.34,7.34,v6_landscape_volume,neutral,1.0,2434,0.0675,0.01563446,31.7967,True,1.0
Massachusetts,144,6.88,6.88,v6_landscape_volume,neutral,1.0,2303,0.0807,0.00029793,0.6059,True,1.0
Vermont,14,7.66,7.66,v6_landscape_volume,neutral,1.0,2285,0.0537,0.00042338,0.8611,True,1.0
Mississippi,14,7.73,7.73,v6_landscape_volume,neutral,1.0,2206,0.0538,0.0004319,0.8784,True,1.0
Michigan,144,6.96,6.96,v6_landscape_volume,neutral,1.0,2205,0.1228,0.0002138,0.4348,False,1.0
Rhode Island,143,6.26,6.26,v6_landscape_volume,neutral,1.0,2201,0.0983,0.00025845,0.5256,True,1.0
Oregon,143,6.42,6.42,v6_landscape_volume,neutral,1.0,2193,0.0937,0.01814444,36.9014,True,1.0
California,14,7.51,7.51,v6_landscape_volume,neutral,1.0,2182,0.0856,0.00029793,0.6059,True,1.0
Indiana,144,5.41,5.41,v6_landscape_volume,neutral,1.0,1969,0.1343,0.00021964,0.4467,False,1.0
California,144,6.26,6.26,v6_landscape_volume,neutral,1.0,1882,0.0902,0.00032338,0.6577,True,1.0
West Virginia,14,7.73,7.73,v6_landscape_volume,neutral,1.0,1862,0.0509,0.00051898,1.0555,True,1.0
Minnesota,144,5.71,5.71,v6_landscape_volume,neutral,1.0,1728,0.1254,0.00025949,0.5277,True,1.0
Vermont,143,6.5,6.5,v6_landscape_volume,neutral,1.0,1726,0.0868,0.00035752,0.7271,True,1.0
South Dakota,143,6.42,6.42,v6_landscape_volume,neutral,1.0,1619,0.0845,0.00038535,0.7837,True,1.0
New Mexico,14,7.89,7.89,v6_landscape_volume,neutral,1.0,1513,0.054,0.00057976,1.1791,True,1.0
New York,100,6.8,6.8,v6_landscape_volume,neutral,1.0,1444,0.0891,0.00040221,0.818,True,1.0
Missouri,144,6.8,6.8,v6_landscape_volume,neutral,1.0,1442,0.1028,0.00035554,0.7231,True,1.0
Delaware,143,6.18,6.18,v6_landscape_volume,neutral,1.0,1439,0.1133,0.00033002,0.6712,True,1.0
Utah,143,6.1,6.1,v6_landscape_volume,neutral,1.0,1417,0.1164,0.00034231,0.6962,True,1.0
New Hampshire,14,7.58,7.58,v6_landscape_volume,neutral,1.0,1406,0.0511,0.00063716,1.2958,True,1.0
Tennessee,144,6.26,6.26,v6_landscape_volume,neutral,1.0,1353,0.1008,0.0003924,0.798,True,1.0
South Dakota,14,7.66,7.66,v6_landscape_volume,neutral,1.0,1328,0.0607,0.00058503,1.1898,True,1.0
Alabama,144,6.33,6.33,v6_landscape_volume,neutral,1.0,1317,0.1369,0.00030645,0.6232,True,1.0
New Hampshire,143,6.42,6.42,v6_landscape_volume,neutral,1.0,1312,0.1083,0.00036985,0.7522,True,1.0
Maryland,144,5.79,5.79,v6_landscape_volume,neutral,1.0,1284,0.1137,0.02270589,46.1783,True,1.0
Colorado,144,6.26,6.26,v6_landscape_volume,neutral,1.0,1239,0.1272,0.00034049,0.6925,True,1.0
Oregon,14,7.58,7.58,v6_landscape_volume,neutral,1.0,1236,0.0477,0.00073129,1.4873,True,1.0
Texas,100,7.11,7.11,v6_landscape_volume,neutral,1.0,1197,0.0957,0.00044382,0.9026,True,1.0
Wisconsin,144,7.34,7.34,v6_landscape_volume,neutral,1.0,1151,0.1045,0.00043482,0.8843,True,1.0
Georgia,100,6.72,6.72,v6_landscape_volume,neutral,1.0,1150,0.0927,0.00046973,0.9553,True,1.0
Illinois,100,7.11,7.11,v6_landscape_volume,neutral,1.0,1086,0.081,0.00054079,1.0998,True,1.0
Rhode Island,14,7.51,7.51,v6_landscape_volume,neutral,1.0,1065,0.0762,0.0005695,1.1582,True,1.0
North Dakota,14,7.66,7.66,v6_landscape_volume,neutral,1.0,1026,0.0543,0.0007571,1.5398,True,1.0
Arizona,14,7.58,7.58,v6_landscape_volume,neutral,1.0,1022,0.1002,0.00048386,0.9841,True,1.0
Nevada,143,6.33,6.33,v6_landscape_volume,neutral,1.0,1015,0.0817,0.0005695,1.1582,True,1.0
Virginia,100,6.5,6.5,v6_landscape_volume,neutral,1.0,994,0.0795,0.0005904,1.2007,True,1.0
South Carolina,144,6.65,6.65,v6_landscape_volume,neutral,1.0,988,0.1369,0.00038535,0.7837,True,1.0
Washington,14,7.11,7.11,v6_landscape_volume,neutral,1.0,980,0.1301,0.0004073,0.8284,True,1.0
North Dakota,143,6.42,6.42,v6_landscape_volume,neutral,1.0,973,0.0851,0.0005695,1.1582,True,1.0
Florida,100,6.65,6.65,v6_landscape_volume,neutral,1.0,923,0.1022,0.00051483,1.047,True,1.0
Connecticut,144,7.27,7.27,v6_landscape_volume,neutral,1.0,918,0.0764,0.00064353,1.3088,True,1.0
Kentucky,144,5.79,5.79,v6_landscape_volume,neutral,1.0,792,0.1209,0.00050672,1.0305,True,1.0
Delaware,14,7.43,7.43,v6_landscape_volume,neutral,1.0,696,0.0763,0.00077534,1.5769,True,1.0
Idaho,143,6.18,6.18,v6_landscape_volume,neutral,1.0,687,0.1275,0.00054079,1.0998,True,1.0
Utah,14,7.34,7.34,v6_landscape_volume,neutral,1.0,677,0.0868,0.0007483,1.5219,True,1.0
Oklahoma,144,6.72,6.72,v6_landscape_volume,neutral,1.0,664,0.0899,0.00071504,1.4542,True,1.0
New York,150,6.33,6.33,v6_landscape_volume,neutral,1.0,610,0.11,0.00066344,1.3493,True,1.0
Louisiana,144,7.19,7.19,v6_landscape_volume,neutral,1.0,606,0.1044,0.00069949,1.4226,True,1.0
Pennsylvania,146,5.79,5.79,v6_landscape_volume,neutral,1.0,604,0.1158,0.03908032,79.48,True,1.0
Texas,150,6.65,6.65,v6_landscape_volume,neutral,1.0,532,0.1092,0.00073129,1.4873,True,1.0
Florida,150,6.18,6.18,v6_landscape_volume,neutral,1.0,526,0.1158,0.00069949,1.4226,True,1.0
Arizona,144,6.33,6.33,v6_landscape_volume,neutral,1.0,510,0.1118,0.0007483,1.5219,True,1.0
Kansas,144,6.65,6.65,v6_landscape_volume,neutral,1.0,497,0.1184,0.00071504,1.4542,True,1.0
Iowa,144,6.1,6.1,v6_landscape_volume,neutral,1.0,490,0.1238,0.00069949,1.4226,True,1.0
Washington,144,5.88,5.88,v6_landscape_volume,neutral,1.0,477,0.129,0.00071504,1.4542,True,1.0
Massachusetts,100,7.27,7.27,v6_landscape_volume,neutral,1.0,474,0.0424,0.00131334,2.671,True,1.0
Arkansas,144,6.18,6.18,v6_landscape_volume,neutral,1.0,461,0.1352,0.00069197,1.4073,True,1.0
Montana,143,6.33,6.33,v6_landscape_volume,neutral,1.0,441,0.0857,0.00094637,1.9247,True,1.0
Unknown,144,6.26,6.26,v6_landscape_volume,neutral,1.0,440,0.1008,0.00285657,5.8096,True,1.0
New Jersey,100,6.65,6.65,v6_landscape_volume,neutral,1.0,424,0.1198,0.0007848,1.5961,True,1.0
Nebraska,144,6.65,6.65,v6_landscape_volume,neutral,1.0,423,0.1179,0.0008146,1.6567,True,1.0
West Virginia,144,6.5,6.5,v6_landscape_volume,neutral,1.0,421,0.0984,0.0008938,1.8178,True,1.0
New York,146,6.42,6.42,v6_landscape_volume,neutral,1.0,398,0.1271,0.0007848,1.5961,True,1.0
Hawaii,143,6.18,6.18,v6_landscape_volume,neutral,1.0,375,0.0898,0.00100552,2.045,True,1.0
Wyoming,14,7.51,7.51,v6_landscape_volume,neutral,1.0,345,0.0837,0.00121422,2.4694,True,1.0
Utah,144,6.1,6.1,v6_landscape_volume,neutral,1.0,338,0.1179,0.00093266,1.8968,True,1.0
Wyoming,143,6.33,6.33,v6_landscape_volume,neutral,1.0,332,0.0701,0.00121422,2.4694,True,1.0
Mississippi,144,6.5,6.5,v6_landscape_volume,neutral,1.0,330,0.1011,0.00100552,2.045,True,1.0
Ohio,146,6.42,6.42,v6_landscape_volume,neutral,1.0,328,0.1156,0.00093266,1.8968,True,1.0
Montana,14,7.58,7.58,v6_landscape_volume,neutral,1.0,325,0.0574,0.0013407,2.7267,True,1.0
Pennsylvania,100,6.18,6.18,v6_landscape_volume,neutral,1.0,318,0.1247,0.00090639,1.8434,True,1.0
Idaho,14,7.34,7.34,v6_landscape_volume,neutral,1.0,317,0.076,0.00119173,2.4237,True,1.0
Indiana,100,5.88,5.88,v6_landscape_volume,neutral,1.0,314,0.1058,0.00100552,2.045,True,1.0
Illinois,150,6.65,6.65,v6_landscape_volume,neutral,1.0,312,0.1152,0.00099005,2.0135,True,1.0
New Jersey,150,6.18,6.18,v6_landscape_volume,neutral,1.0,309,0.069,0.00126183,2.5663,True,1.0
New Hampshire,144,6.33,6.33,v6_landscape_volume,neutral,1.0,304,0.079,0.07130445,145.0162,True,1.0
Pennsylvania,150,5.71,5.71,v6_landscape_volume,neutral,1.0,287,0.1211,0.00097505,1.983,True,1.0
District of Columbia,144,6.26,6.26,v6_landscape_volume,neutral,1.0,272,0.1205,0.00100552,2.045,True,1.0
Minnesota,100,6.18,6.18,v6_landscape_volume,neutral,1.0,268,0.0751,0.00128707,2.6176,True,1.0
Hawaii,14,7.43,7.43,v6_landscape_volume,neutral,1.0,263,0.0969,0.00114917,2.3371,True,1.0
Oregon,144,6.42,6.42,v6_landscape_volume,neutral,1.0,262,0.1349,0.00094637,1.9247,True,1.0
Nevada,14,7.58,7.58,v6_landscape_volume,neutral,1.0,257,0.1128,0.00105498,2.1456,True,1.0
Colorado,100,6.72,6.72,v6_landscape_volume,neutral,1.0,251,0.1081,0.00109074,2.2183,True,1.0
Wisconsin,100,7.73,7.73,v6_landscape_volume,neutral,1.0,250,0.0478,0.0015696,3.1922,True,1.0
Rhode Island,144,6.26,6.26,v6_landscape_volume,neutral,1.0,244,0.0781,0.00131334,2.671,True,1.0
North Carolina,100,7.04,7.04,v6_landscape_volume,neutral,1.0,233,0.1384,0.00100552,2.045,True,1.0
Maine,144,6.88,6.88,v6_landscape_volume,neutral,1.0,231,0.0973,0.00121422,2.4694,True,1.0
North Carolina,150,6.57,6.57,v6_landscape_volume,neutral,1.0,230,0.1169,0.00110954,2.2565,True,1.0
Florida,146,6.26,6.26,v6_landscape_volume,neutral,1.0,225,0.1349,0.00103796,2.111,True,1.0
Michigan,146,6.96,6.96,v6_landscape_volume,neutral,1.0,221,0.1091,0.00119173,2.4237,True,1.0
New York,46,7.34,7.34,v6_landscape_volume,neutral,1.0,213,0.1456,0.00102148,2.0775,True,1.0
Massachusetts,150,6.8,6.8,v6_landscape_volume,neutral,1.0,210,0.1474,0.00102148,2.0775,True,1.0
Ohio,100,6.8,6.8,v6_landscape_volume,neutral,1.0,208,0.1907,0.00088155,1.7929,True,1.0
Massachusetts,146,6.8,6.8,v6_landscape_volume,neutral,1.0,206,0.1076,0.00121422,2.4694,True,1.0
Delaware,144,6.18,6.18,v6_landscape_volume,neutral,1.0,201,0.0926,0.00131334,2.671,True,1.0
Georgia,150,6.26,6.26,v6_landscape_volume,neutral,1.0,201,0.0796,0.00139899,2.8452,True,1.0
Virginia,150,5.95,5.95,v6_landscape_volume,neutral,1.0,196,0.1477,0.00105498,2.1456,True,1.0
Wisconsin,146,7.34,7.34,v6_landscape_volume,neutral,1.0,192,0.0603,0.0015696,3.1922,True,1.0
North Carolina,146,6.57,6.57,v6_landscape_volume,neutral,1.0,190,0.129,0.00114917,2.3371,True,1.0
Alabama,100,6.72,6.72,v6_landscape_volume,neutral,1.0,185,0.0762,0.00146258,2.9745,True,1.0
Michigan,150,6.88,6.88,v6_landscape_volume,neutral,1.0,182,0.1433,0.00110954,2.2565,True,1.0
California,150,6.18,6.18,v6_landscape_volume,neutral,1.0,182,0.0679,0.00153223,3.1162,True,1.0
Illinois,146,6.65,6.65,v6_landscape_volume,neutral,1.0,174,0.0705,0.00153223,3.1162,True,1.0
Ohio,150,6.33,6.33,v6_landscape_volume,neutral,1.0,171,0.1512,0.00112901,2.2961,True,1.0
Georgia,146,6.26,6.26,v6_landscape_volume,neutral,1.0,140,0.067,0.00165009,3.3559,True,1.0
Michigan,100,7.43,7.43,v6_landscape_volume,neutral,1.0,133,0.0883,0.00153223,3.1162,True,1.0
Vermont,144,6.5,6.5,v6_landscape_volume,neutral,1.0,131,0.0521,0.0017876,3.6355,True,1.0
California,100,6.65,6.65,v6_landscape_volume,neutral,1.0,127,0.1107,0.00143008,2.9084,True,1.0
Texas,146,6.65,6.65,v6_landscape_volume,neutral,1.0,125,0.1573,0.00123757,2.5169,True,1.0
Maryland,150,5.71,5.71,v6_landscape_volume,neutral,1.0,122,0.121,0.00139899,2.8452,True,1.0
Nevada,144,6.33,6.33,v6_landscape_volume,neutral,1.0,122,0.0881,0.0015696,3.1922,True,1.0
Tennessee,150,6.18,6.18,v6_landscape_volume,neutral,1.0,121,0.1549,0.00126183,2.5663,True,1.0
Minnesota,146,5.71,5.71,v6_landscape_volume,neutral,1.0,121,0.1019,0.00149659,3.0437,True,1.0
Indiana,146,5.41,5.41,v6_landscape_volume,neutral,1.0,121,0.1218,0.00139899,2.8452,True,1.0
New Mexico,144,6.65,6.65,v6_landscape_volume,neutral,1.0,121,0.1151,0.00143008,2.9084,True,1.0
Missouri,150,6.72,6.72,v6_landscape_volume,neutral,1.0,115,0.1475,0.00131334,2.671,True,1.0
North Dakota,144,6.42,6.42,v6_landscape_volume,neutral,1.0,114,0.0721,0.00169351,3.4442,True,1.0
South Dakota,144,6.42,6.42,v6_landscape_volume,neutral,1.0,113,0.0936,0.0015696,3.1922,True,1.0
Hawaii,144,6.18,6.18,v6_landscape_volume,neutral,1.0,111,0.18,0.00121422,2.4694,True,1.0
West Virginia,146,6.5,6.5,v6_landscape_volume,neutral,1.0,111,0.0878,0.00160884,3.272,True,1.0
Nebraska,100,7.04,7.04,v6_landscape_volume,neutral,1.0,110,0.0742,0.00169351,3.4442,True,1.0
Maryland,100,6.18,6.18,v6_landscape_volume,neutral,1.0,109,0.1251,0.00143008,2.9084,True,1.0
Minnesota,150,5.64,5.64,v6_landscape_volume,neutral,1.0,109,0.1754,0.00126183,2.5663,True,1.0
Pennsylvania,46,6.72,6.72,v6_landscape_volume,neutral,1.0,107,0.0393,0.00195011,3.966,True,1.0
Missouri,146,6.72,6.72,v6_landscape_volume,neutral,1.0,102,0.0711,0.00169351,3.4442,True,1.0
Connecticut,150,7.19,7.19,v6_landscape_volume,neutral,1.0,100,0.103,0.0015696,3.1922,True,1.0
Indiana,150,5.41,5.41,v6_landscape_volume,neutral,1.0,99,0.096,0.00165009,3.3559,True,1.0
Illinois,46,7.66,7.66,v6_landscape_volume,neutral,1.0,98,0.1358,0.00146258,2.9745,True,1.0
Tennessee,146,6.26,6.26,v6_landscape_volume,neutral,1.0,96,0.0507,0.00189275,3.8494,True,1.0
South Carolina,146,6.57,6.57,v6_landscape_volume,neutral,1.0,92,0.1015,0.00160884,3.272,True,1.0
Florida,46,7.19,7.19,v6_landscape_volume,neutral,1.0,91,0.1189,0.00153223,3.1162,True,1.0
Wisconsin,150,7.27,7.27,v6_landscape_volume,neutral,1.0,91,0.1272,0.00149659,3.0437,True,1.0
Arizona,100,6.72,6.72,v6_landscape_volume,neutral,1.0,91,0.152,0.00139899,2.8452,True,1.0
Colorado,150,6.26,6.26,v6_landscape_volume,neutral,1.0,89,0.0873,0.00169351,3.4442,True,1.0
Oklahoma,100,7.19,7.19,v6_landscape_volume,neutral,1.0,80,0.0944,0.00169351,3.4442,True,1.0
Idaho,144,6.18,6.18,v6_landscape_volume,neutral,1.0,79,0.0494,0.00195011,3.966,True,1.0
Oklahoma,146,6.72,6.72,v6_landscape_volume,neutral,1.0,78,0.124,0.0015696,3.1922,True,1.0
Maryland,146,5.71,5.71,v6_landscape_volume,neutral,1.0,77,0.0597,0.00189275,3.8494,True,1.0
South Carolina,150,6.57,6.57,v6_landscape_volume,neutral,1.0,76,0.1263,0.0015696,3.1922,True,1.0
Massachusetts,46,7.73,7.73,v6_landscape_volume,neutral,1.0,76,0.1074,0.00165009,3.3559,True,1.0
Montana,144,6.33,6.33,v6_landscape_volume,neutral,1.0,76,0.1074,0.00165009,3.3559,True,1.0
Alaska,14,7.58,7.58,v6_landscape_volume,neutral,1.0,73,0.0426,0.00201105,4.09,True,1.0
South Carolina,100,7.04,7.04,v6_landscape_volume,neutral,1.0,71,0.1325,0.0015696,3.1922,True,1.0
Virginia,46,6.96,6.96,v6_landscape_volume,neutral,1.0,70,0.1239,0.00094637,1.9247,True,1.0
Connecticut,100,7.66,7.66,v6_landscape_volume,neutral,1.0,68,0.0346,0.00207592,4.2219,True,1.0
Alabama,150,6.26,6.26,v6_landscape_volume,neutral,1.0,67,0.0968,0.00173928,3.5373,True,1.0
New York,5,7.73,7.73,v6_landscape_volume,neutral,1.0,65,0.0672,0.00189275,3.8494,True,1.0
Virginia,146,6.03,6.03,v6_landscape_volume,neutral,1.0,65,0.0988,0.00173928,3.5373,True,1.0
Louisiana,146,7.19,7.19,v6_landscape_volume,neutral,1.0,63,0.0579,0.00195011,3.966,True,1.0
Missouri,46,7.66,7.66,v6_landscape_volume,neutral,1.0,62,0.0803,0.00195011,3.966,True,1.0
Missouri,100,7.19,7.19,v6_landscape_volume,neutral,1.0,62,0.1346,0.00160884,3.272,True,1.0
Maryland,46,6.72,6.72,v6_landscape_volume,neutral,1.0,61,0.1911,0.00143008,2.9084,True,1.0
Kentucky,150,5.71,5.71,v6_landscape_volume,neutral,1.0,61,0.1471,0.0015696,3.1922,True,1.0
Wisconsin,5,8.67,8.67,v6_landscape_volume,neutral,1.0,58,0.0499,0.00201105,4.09,True,1.0
Florida,-1,7.66,7.66,v6_landscape_volume,neutral,1.0,58,0.0385,0.00207592,4.2219,True,1.0
Texas,46,7.58,7.58,v6_landscape_volume,neutral,1.0,58,0.0726,0.00189275,3.8494,True,1.0
Alaska,143,6.33,6.33,v6_landscape_volume,neutral,1.0,56,0.0859,0.00183867,3.7394,True,1.0
Arkansas,146,6.18,6.18,v6_landscape_volume,neutral,1.0,56,0.0743,0.00189275,3.8494,True,1.0
Kentucky,146,5.79,5.79,v6_landscape_volume,neutral,1.0,56,0.0975,0.00173928,3.5373,True,1.0
Alabama,146,6.33,6.33,v6_landscape_volume,neutral,1.0,55,0.1457,0.00160884,3.272,True,1.0
Michigan,46,7.89,7.89,v6_landscape_volume,neutral,1.0,55,0.0987,0.0017876,3.6355,True,1.0
Utah,150,6.03,6.03,v6_landscape_volume,neutral,1.0,54,0.0522,0.00207592,4.2219,True,1.0
New Jersey,146,6.26,6.26,v6_landscape_volume,neutral,1.0,53,0.101,0.0017876,3.6355,True,1.0
Georgia,5,7.58,7.58,v6_landscape_volume,neutral,1.0,53,0.1492,0.00160884,3.272,True,1.0
Alabama,46,7.27,7.27,v6_landscape_volume,neutral,1.0,52,0.1633,0.0015696,3.1922,True,1.0
Oregon,150,6.33,6.33,v6_landscape_volume,neutral,1.0,52,0.0901,0.00183867,3.7394,True,1.0
Kansas,100,7.04,7.04,v6_landscape_volume,neutral,1.0,51,0.1035,0.0017876,3.6355,True,1.0
Washington,100,7.56,7.56,v5_explore_medium,up,1.4,49,0.0682,0.00195011,3.966,True,1.0
Connecticut,146,7.56,7.56,v5_explore_medium,up,1.4,49,0.1568,0.00160884,3.272,True,1.0
Tennessee,100,7.56,7.56,v5_explore_medium,up,1.4,49,0.1568,0.00160884,3.272,True,1.0
Ohio,46,7.56,7.56,v5_explore_medium,up,1.4,48,0.1203,0.00173928,3.5373,True,1.0
Alaska,144,7.56,7.56,v5_explore_medium,up,1.4,47,0.07,0.00195011,3.966,True,1.0
Georgia,46,7.56,7.56,v5_explore_medium,up,1.4,47,0.07,0.00195011,3.966,True,1.0
Maine,146,7.56,7.56,v5_explore_medium,up,1.4,47,0.044,0.00207592,4.2219,True,1.0
Michigan,-1,7.56,7.56,v5_explore_medium,up,1.4,46,0.0972,0.00183867,3.7394,True,1.0
Nebraska,150,7.56,7.56,v5_explore_medium,up,1.4,46,0.1498,0.00169351,3.4442,True,1.0
North Carolina,46,7.56,7.56,v5_explore_medium,up,1.4,46,0.163,0.00160884,3.272,True,1.0
Pennsylvania,5,7.56,7.56,v5_explore_medium,up,1.4,45,0.0585,0.00201105,4.09,True,1.0
New York,-1,7.56,7.56,v5_explore_medium,up,1.4,45,0.0452,0.00207592,4.2219,True,1.0
Unknown,150,7.56,7.56,v5_explore_medium,up,1.4,44,0.1268,0.00291519,5.9288,True,1.0
Louisiana,150,7.56,7.56,v5_explore_medium,up,1.4,44,0.0863,0.00195011,3.966,True,1.0
Iowa,-1,7.56,7.56,v5_explore_medium,up,1.4,41,0.0336,0.00189627,3.8566,True,1.0
Texas,-1,7.56,7.56,v5_explore_medium,up,1.4,40,0.0912,0.00189275,3.8494,True,1.0
Kentucky,100,7.56,7.56,v5_explore_medium,up,1.4,40,0.1198,0.0017876,3.6355,True,1.0
New Hampshire,150,7.56,7.56,v5_explore_medium,up,1.4,40,0.1341,0.00173928,3.5373,True,1.0
Wisconsin,46,7.56,7.56,v5_explore_medium,up,1.4,37,0.0804,0.00195011,3.966,True,1.0
Unknown,100,7.56,7.56,v5_explore_medium,up,1.4,36,0.1119,0.00246114,5.0054,True,1.0
Illinois,-1,7.56,7.56,v5_explore_medium,up,1.4,36,0.0513,0.00207592,4.2219,True,1.0
Wyoming,144,7.56,7.56,v5_explore_medium,up,1.4,36,0.0968,0.00189275,3.8494,True,1.0
Colorado,46,7.56,7.56,v5_explore_medium,up,1.4,36,0.0362,0.00191465,3.8939,True,1.0
Illinois,5,7.56,7.56,v5_explore_medium,up,1.4,35,0.1136,0.00183867,3.7394,True,1.0
District of Columbia,150,7.56,7.56,v5_explore_medium,up,1.4,35,0.1444,0.00173928,3.5373,True,1.0
North Carolina,5,7.56,7.56,v5_explore_medium,up,1.4,35,0.0367,0.00161974,3.2942,True,1.0
Kansas,146,7.56,7.56,v5_explore_medium,up,1.4,34,0.1154,0.00183867,3.7394,True,1.0
Mississippi,146,7.56,7.56,v5_explore_medium,up,1.4,34,0.0998,0.00189275,3.8494,True,1.0
Maine,5,7.56,7.56,v5_explore_medium,up,1.4,34,0.131,0.0017876,3.6355,True,1.0
Oklahoma,150,7.56,7.56,v5_explore_medium,up,1.4,33,0.149,0.00173928,3.5373,True,1.0
Texas,5,7.56,7.56,v5_explore_medium,up,1.4,33,0.1014,0.00189275,3.8494,True,1.0
Louisiana,100,7.56,7.56,v5_explore_medium,up,1.4,33,0.0855,0.00195011,3.966,True,1.0
Washington,150,7.56,7.56,v5_explore_medium,up,1.4,32,0.0546,0.00207592,4.2219,True,1.0
Pennsylvania,-1,7.56,7.56,v5_explore_medium,up,1.4,32,0.1837,0.00165009,3.3559,True,1.0
Maine,100,7.56,7.56,v5_explore_medium,up,1.4,32,0.0708,0.00201105,4.09,True,1.0
Michigan,5,7.56,7.56,v5_explore_medium,up,1.4,32,0.0546,0.00207592,4.2219,True,1.0
Unknown,146,7.56,7.56,v5_explore_medium,up,1.4,30,0.1731,0.00287598,5.849,True,1.0
Kansas,150,7.56,7.56,v5_explore_medium,up,1.4,30,0.0898,0.00195011,3.966,True,1.0
Ohio,5,7.56,7.56,v5_explore_medium,up,1.4,29,0.1252,0.00183867,3.7394,True,1.0
Florida,5,7.56,7.56,v5_explore_medium,up,1.4,29,0.0744,0.00201105,4.09,True,1.0
Unknown,-1,7.56,7.56,v5_explore_medium,up,1.4,29,0.0574,0.00174789,3.5548,True,1.0
Minnesota,46,7.56,7.56,v5_explore_medium,up,1.4,28,0.1446,0.0017876,3.6355,True,1.0
Iowa,100,7.56,7.56,v5_explore_medium,up,1.4,28,0.1274,0.00183867,3.7394,True,1.0
Oregon,146,7.56,7.56,v5_explore_medium,up,1.4,28,0.1791,0.00169351,3.4442,True,1.0
Iowa,150,7.56,7.56,v5_explore_medium,up,1.4,28,0.1446,0.0017876,3.6355,True,1.0
Connecticut,46,7.56,7.56,v5_explore_medium,up,1.4,27,0.0945,0.00195011,3.966,True,1.0
District of Columbia,100,7.56,7.56,v5_explore_medium,up,1.4,27,0.112,0.00189275,3.8494,True,1.0
Nebraska,146,7.56,7.56,v5_explore_medium,up,1.4,26,0.1141,0.00189275,3.8494,True,1.0
Oregon,5,7.56,7.56,v5_explore_medium,up,1.4,25,0.0434,0.00185476,3.7721,True,1.0
New Mexico,150,7.56,7.56,v5_explore_medium,up,1.4,25,0.0798,0.00201105,4.09,True,1.0
Indiana,5,7.56,7.56,v5_explore_medium,up,1.4,24,0.0442,0.00141043,2.8685,True,1.0
Kentucky,5,7.56,7.56,v5_explore_medium,up,1.4,24,0.0998,0.00195011,3.966,True,1.0
Rhode Island,150,7.56,7.56,v5_explore_medium,up,1.4,22,0.0651,0.00207592,4.2219,True,1.0
New Hampshire,100,7.56,7.56,v5_explore_medium,up,1.4,21,0.1056,0.00195011,3.966,True,1.0
Arkansas,150,7.56,7.56,v5_explore_medium,up,1.4,21,0.0664,0.00207592,4.2219,True,1.0
Virginia,5,7.56,7.56,v5_explore_medium,up,1.4,21,0.1252,0.00189275,3.8494,True,1.0
Mississippi,150,7.56,7.56,v5_explore_medium,up,1.4,21,0.086,0.00201105,4.09,True,1.0
Arizona,150,7.56,7.56,v5_explore_medium,up,1.4,20,0.1077,0.00195011,3.966,True,1.0
Kansas,46,7.56,7.56,v5_explore_medium,up,1.4,20,0.1877,0.00173928,3.5373,True,1.0
Maine,150,7.56,7.56,v5_explore_medium,up,1.4,20,0.0677,0.00207592,4.2219,True,1.0
Massachusetts,-1,7.56,7.56,v5_explore_medium,up,1.4,19,0.0487,0.00145348,2.956,True,1.0
Tennessee,-1,7.56,7.56,v5_explore_medium,up,1.4,19,0.1099,0.00195011,3.966,True,1.0
Arkansas,100,7.56,7.56,v5_explore_medium,up,1.4,19,0.1508,0.00183867,3.7394,True,1.0
Massachusetts,5,7.56,7.56,v5_explore_medium,up,1.4,19,0.0691,0.00207592,4.2219,True,1.0
Vermont,100,7.56,7.56,v5_explore_medium,up,1.4,19,0.1099,0.00195011,3.966,True,1.0
South Dakota,146,7.56,7.56,v5_explore_medium,up,1.4,18,0.0497,0.00279847,5.6914,True,1.0
South Carolina,46,7.56,7.56,v5_explore_medium,up,1.4,18,0.0706,0.00207592,4.2219,True,1.0
Connecticut,-1,7.56,7.56,v5_explore_medium,up,1.4,18,0.0497,0.00162982,3.3147,True,1.0
Indiana,46,7.56,7.56,v5_explore_medium,up,1.4,18,0.1122,0.00195011,3.966,True,1.0
Missouri,-1,7.56,7.56,v5_explore_medium,up,1.4,17,0.0508,0.00146629,2.9821,True,1.0
Colorado,-1,7.56,7.56,v5_explore_medium,up,1.4,17,0.0508,0.0016327,3.3205,True,1.0
West Virginia,100,7.56,7.56,v5_explore_medium,up,1.4,17,0.1146,0.00195011,3.966,True,1.0
Maryland,-1,7.56,7.56,v5_explore_medium,up,1.4,17,0.0508,0.00163332,3.3218,True,1.0
Ohio,-1,7.56,7.56,v5_explore_medium,up,1.4,17,0.0508,0.00122495,2.4913,True,1.0
Mississippi,100,7.56,7.56,v5_explore_medium,up,1.4,17,0.1359,0.00189275,3.8494,True,1.0
New Mexico,146,7.56,7.56,v5_explore_medium,up,1.4,17,0.1146,0.00195011,3.966,True,1.0
New Jersey,46,7.56,7.56,v5_explore_medium,up,1.4,17,0.1359,0.00189275,3.8494,True,1.0
Nebraska,46,7.56,7.56,v5_explore_medium,up,1.4,16,0.0736,0.00207592,4.2219,True,1.0
New Jersey,-1,7.56,7.56,v5_explore_medium,up,1.4,16,0.1388,0.00189275,3.8494,True,1.0
New Hampshire,146,7.56,7.56,v5_explore_medium,up,1.4,16,0.0519,0.00301134,6.1243,True,1.0
Tennessee,46,7.56,7.56,v5_explore_medium,up,1.4,16,0.1388,0.00189275,3.8494,True,1.0
Georgia,-1,7.56,7.56,v5_explore_medium,up,1.4,15,0.053,0.00129834,2.6405,True,1.0
South Carolina,-1,7.56,7.56,v5_explore_medium,up,1.4,15,0.053,0.00152717,3.1059,True,1.0
Iowa,146,7.56,7.56,v5_explore_medium,up,1.4,15,0.1419,0.00189275,3.8494,True,1.0
Wisconsin,-1,7.56,7.56,v5_explore_medium,up,1.4,14,0.0997,0.00201105,4.09,True,1.0
California,146,7.56,7.56,v5_explore_medium,up,1.4,14,0.0997,0.00201105,4.09,True,1.0
Colorado,146,7.56,7.56,v5_explore_medium,up,1.4,14,0.077,0.00207592,4.2219,True,1.0
Delaware,100,7.56,7.56,v5_explore_medium,up,1.4,14,0.0997,0.00201105,4.09,True,1.0
North Carolina,-1,7.56,7.56,v5_explore_medium,up,1.4,14,0.0542,0.00158713,3.2278,True,1.0
Unknown,121,7.56,7.56,v5_explore_medium,up,1.4,14,0.3042,0.00264255,5.3743,True,1.0
Michigan,145,7.56,7.56,v5_explore_medium,up,1.4,13,0.1253,0.00195011,3.966,True,1.0
Delaware,146,7.56,7.56,v5_explore_medium,up,1.4,13,0.0555,0.00279267,5.6796,True,1.0
Virginia,-1,7.56,7.56,v5_explore_medium,up,1.4,13,0.102,0.00201105,4.09,True,1.0
West Virginia,150,7.56,7.56,v5_explore_medium,up,1.4,12,0.1759,0.00183867,3.7394,True,1.0
Kansas,-1,7.56,7.56,v5_explore_medium,up,1.4,12,0.0568,0.00161244,3.2793,True,1.0
Connecticut,5,7.56,7.56,v5_explore_medium,up,1.4,12,0.0806,0.00207592,4.2219,True,1.0
Alabama,5,7.56,7.56,v5_explore_medium,up,1.4,12,0.0806,0.00207592,4.2219,True,1.0
Idaho,150,7.56,7.56,v5_explore_medium,up,1.4,12,0.0806,0.00207592,4.2219,True,1.0
Arkansas,5,7.56,7.56,v5_explore_medium,up,1.4,12,0.0806,0.00207592,4.2219,True,1.0
Arkansas,46,7.56,7.56,v5_explore_medium,up,1.4,12,0.1283,0.00195011,3.966,True,1.0
Oregon,46,7.56,7.56,v5_explore_medium,up,1.4,12,0.1044,0.00201105,4.09,True,1.0
New Mexico,-1,7.56,7.56,v5_explore_medium,up,1.4,11,0.0582,0.00165774,3.3714,True,1.0
North Carolina,145,7.56,7.56,v5_explore_medium,up,1.4,11,0.0582,0.00260289,5.2937,True,1.0
Connecticut,136,7.56,7.56,v5_explore_medium,up,1.4,11,0.0582,0.00259261,5.2727,True,1.0
Minnesota,-1,7.56,7.56,v5_explore_medium,up,1.4,11,0.0582,0.0015648,3.1824,True,1.0
Vermont,150,7.56,7.56,v5_explore_medium,up,1.4,11,0.1314,0.00195011,3.966,True,1.0
North Dakota,100,7.56,7.56,v5_explore_medium,up,1.4,11,0.1314,0.00195011,3.966,True,1.0
Missouri,5,7.56,7.56,v5_explore_medium,up,1.4,11,0.1314,0.00195011,3.966,True,1.0
New Jersey,5,7.56,7.56,v5_explore_medium,up,1.4,10,0.1597,0.00189275,3.8494,True,1.0
West Virginia,46,7.56,7.56,v5_explore_medium,up,1.4,10,0.0597,0.00191528,3.8952,True,1.0
Oklahoma,5,7.56,7.56,v5_explore_medium,up,1.4,10,0.1097,0.00201105,4.09,True,1.0
Maine,-1,7.56,7.56,v5_explore_medium,up,1.4,10,0.0847,0.00207592,4.2219,True,1.0
Louisiana,5,8.05,8.05,v5_explore_low,up,1.4,9,0.0868,0.00207592,4.2219,True,1.0
Louisiana,46,8.05,8.05,v5_explore_low,up,1.4,9,0.0612,0.00196085,3.9879,True,1.0
Utah,46,8.05,8.05,v5_explore_low,up,1.4,9,0.2663,0.00169351,3.4442,True,1.0
Delaware,150,8.05,8.05,v5_explore_low,up,1.4,9,0.0612,0.00283075,5.7571,True,1.0
Georgia,145,8.05,8.05,v5_explore_low,up,1.4,9,0.1125,0.00201105,4.09,True,1.0
Washington,46,8.05,8.05,v5_explore_low,up,1.4,9,0.0868,0.00207592,4.2219,True,1.0
South Dakota,100,8.05,8.05,v5_explore_low,up,1.4,9,0.0612,0.00239479,4.8704,True,1.0
Vermont,146,8.05,8.05,v5_explore_low,up,1.4,9,0.1125,0.00201105,4.09,True,1.0
Oregon,100,8.05,8.05,v5_explore_low,up,1.4,9,0.0868,0.00207592,4.2219,True,1.0
California,46,8.05,8.05,v5_explore_low,up,1.4,9,0.1381,0.00195011,3.966,True,1.0
Maine,46,8.05,8.05,v5_explore_low,up,1.4,9,0.0612,0.00195824,3.9826,True,1.0
District of Columbia,46,8.05,8.05,v5_explore_low,up,1.4,9,0.0612,0.00192294,3.9108,True,1.0
Montana,100,8.05,8.05,v5_explore_low,up,1.4,8,0.0628,0.00244134,4.9651,True,1.0
Minnesota,5,8.05,8.05,v5_explore_low,up,1.4,8,0.1154,0.00201105,4.09,True,1.0
Rhode Island,100,8.05,8.05,v5_explore_low,up,1.4,8,0.0628,0.00236674,4.8134,True,1.0
Washington,146,8.05,8.05,v5_explore_low,up,1.4,8,0.0628,0.00278489,5.6638,True,1.0
New Mexico,46,8.05,8.05,v5_explore_low,up,1.4,8,0.0891,0.00207592,4.2219,True,1.0
Rhode Island,-1,8.05,8.05,v5_explore_low,up,1.4,8,0.1154,0.00201105,4.09,True,1.0
Ohio,145,8.05,8.05,v5_explore_low,up,1.4,8,0.1154,0.00201105,4.09,True,1.0
South Dakota,46,8.05,8.05,v5_explore_low,up,1.4,8,0.0628,0.00199441,4.0562,True,1.0
Wyoming,100,8.05,8.05,v5_explore_low,up,1.4,7,0.0645,0.00244582,4.9742,True,1.0
Indiana,-1,8.05,8.05,v5_explore_low,up,1.4,7,0.0645,0.00138203,2.8107,True,1.0
New York,137,8.05,8.05,v5_explore_low,up,1.4,7,0.1186,0.00201105,4.09,True,1.0
New York,145,8.05,8.05,v5_explore_low,up,1.4,7,0.1186,0.00201105,4.09,True,1.0
Nevada,150,8.05,8.05,v5_explore_low,up,1.4,7,0.0915,0.00207592,4.2219,True,1.0
Maryland,145,8.05,8.05,v5_explore_low,up,1.4,7,0.0645,0.00267858,5.4476,True,1.0
Oklahoma,46,8.05,8.05,v5_explore_low,up,1.4,7,0.1186,0.00201105,4.09,True,1.0
New Mexico,100,8.05,8.05,v5_explore_low,up,1.4,7,0.1186,0.00201105,4.09,True,1.0
North Dakota,150,8.05,8.05,v5_explore_low,up,1.4,7,0.0645,0.00286347,5.8236,True,1.0
Iowa,46,8.05,8.05,v5_explore_low,up,1.4,7,0.0645,0.00222363,4.5223,True,1.0
Illinois,145,8.05,8.05,v5_explore_low,up,1.4,7,0.1186,0.00201105,4.09,True,1.0
Idaho,100,8.05,8.05,v5_explore_low,up,1.4,7,0.1456,0.00195011,3.966,True,1.0
Mississippi,46,8.05,8.05,v5_explore_low,up,1.4,7,0.0645,0.00212446,4.3206,True,1.0
Georgia,137,8.05,8.05,v5_explore_low,up,1.4,7,0.0645,0.00207273,4.2154,True,1.0
Texas,145,8.05,8.05,v5_explore_low,up,1.4,7,0.0915,0.00207592,4.2219,True,1.0
New Hampshire,46,8.05,8.05,v5_explore_low,up,1.4,7,0.0645,0.00214625,4.365,True,1.0
Alaska,146,8.05,8.05,v5_explore_low,up,1.4,6,0.0663,0.00287136,5.8397,True,1.0
New Mexico,5,8.05,8.05,v5_explore_low,up,1.4,6,0.0663,0.0016918,3.4407,True,1.0
Utah,100,8.05,8.05,v5_explore_low,up,1.4,6,0.0663,0.00238361,4.8477,True,1.0
Tennessee,5,8.05,8.05,v5_explore_low,up,1.4,6,0.0941,0.00207592,4.2219,True,1.0
Colorado,5,8.05,8.05,v5_explore_low,up,1.4,6,0.0663,0.00166625,3.3888,True,1.0
District of Columbia,-1,8.05,8.05,v5_explore_low,up,1.4,6,0.0663,0.00163978,3.3349,True,1.0
Kentucky,46,8.05,8.05,v5_explore_low,up,1.4,6,0.0663,0.00186179,3.7864,True,1.0
Oregon,-1,8.05,8.05,v5_explore_low,up,1.4,6,0.0663,0.00181742,3.6962,True,1.0
Hawaii,100,8.05,8.05,v5_explore_low,up,1.4,6,0.0663,0.00243577,4.9538,True,1.0
Pennsylvania,137,8.05,8.05,v5_explore_low,up,1.4,6,0.0663,0.00194882,3.9634,True,1.0
Kansas,5,8.05,8.05,v5_explore_low,up,1.4,6,0.0663,0.00164557,3.3467,True,1.0
Vermont,-1,8.05,8.05,v5_explore_low,up,1.4,5,0.0968,0.0928592,188.8534,True,1.0
Texas,137,8.05,8.05,v5_explore_low,up,1.4,5,0.0682,0.00239428,4.8694,True,1.0
Utah,146,8.05,8.05,v5_explore_low,up,1.4,5,0.0968,0.00207592,4.2219,True,1.0
West Virginia,-1,8.05,8.05,v5_explore_low,up,1.4,5,0.0968,0.00207592,4.2219,True,1.0
Tennessee,145,8.05,8.05,v5_explore_low,up,1.4,5,0.0682,0.00264247,5.3742,True,1.0
Alabama,-1,8.05,8.05,v5_explore_low,up,1.4,5,0.0682,0.00167654,3.4097,True,1.0
California,5,8.05,8.05,v5_explore_low,up,1.4,5,0.0682,0.00162713,3.3092,True,1.0
Michigan,137,8.05,8.05,v5_explore_low,up,1.4,5,0.0968,0.00207592,4.2219,True,1.0
New York,136,8.05,8.05,v5_explore_low,up,1.4,5,0.0968,0.00207592,4.2219,True,1.0
Mississippi,-1,8.05,8.05,v5_explore_low,up,1.4,5,0.0682,0.00181168,3.6845,True,1.0
North Dakota,146,8.05,8.05,v5_explore_low,up,1.4,5,0.0682,0.00282495,5.7453,True,1.0
Kentucky,-1,8.05,8.05,v5_explore_low,up,1.4,5,0.0682,0.00158762,3.2288,True,1.0
Alabama,145,8.05,8.05,v5_explore_low,up,1.4,5,0.0682,0.00274937,5.5916,True,1.0
Oklahoma,-1,8.05,8.05,v5_explore_low,up,1.4,5,0.0682,0.00166245,3.381,True,1.0
Alabama,137,8.05,8.05,v5_explore_low,up,1.4,5,0.0682,0.00267589,5.4421,True,1.0
Hawaii,150,8.05,8.05,v5_explore_low,up,1.4,5,0.1253,0.00201105,4.09,True,1.0
Rhode Island,146,8.05,8.05,v5_explore_low,up,1.4,5,0.0968,0.00207592,4.2219,True,1.0
South Carolina,5,8.05,8.05,v5_explore_low,up,1.4,5,0.0682,0.00155855,3.1697,True,1.0
Arizona,5,8.05,8.05,v5_explore_low,up,1.4,5,0.0968,0.00207592,4.2219,True,1.0
Vermont,46,8.05,8.05,v5_explore_low,up,1.4,4,0.0702,0.00209775,4.2663,True,1.0
New Hampshire,5,8.05,8.05,v5_explore_low,up,1.4,4,0.0702,0.00186786,3.7988,True,1.0
Maryland,5,8.05,8.05,v5_explore_low,up,1.4,4,0.0702,0.00166688,3.39,True,1.0
Florida,145,8.05,8.05,v5_explore_low,up,1.4,4,0.0702,0.00201599,4.1,True,1.0
Iowa,145,8.05,8.05,v5_explore_low,up,1.4,4,0.0996,0.00207592,4.2219,True,1.0
Montana,150,8.05,8.05,v5_explore_low,up,1.4,4,0.0702,0.00289175,5.8811,True,1.0
Nebraska,-1,8.05,8.05,v5_explore_low,up,1.4,4,0.0702,0.00160323,3.2606,True,1.0
Arizona,146,8.05,8.05,v5_explore_low,up,1.4,4,0.0702,0.00275236,5.5976,True,1.0
Unknown,46,8.05,8.05,v5_explore_low,up,1.4,4,0.0702,0.00204969,4.1686,True,1.0
North Dakota,-1,8.05,8.05,v5_explore_low,up,1.4,4,0.0702,0.00171685,3.4917,True,1.0
Pennsylvania,145,8.05,8.05,v5_explore_low,up,1.4,4,0.0996,0.00207592,4.2219,True,1.0
New Jersey,145,8.05,8.05,v5_explore_low,up,1.4,4,0.1584,0.00195011,3.966,True,1.0
Wyoming,146,8.05,8.05,v5_explore_low,up,1.4,3,0.1329,0.00201105,4.09,True,1.0
Massachusetts,137,8.05,8.05,v5_explore_low,up,1.4,3,0.0723,0.00232019,4.7187,True,1.0
Oregon,145,8.05,8.05,v5_explore_low,up,1.4,3,0.1026,0.00207592,4.2219,True,1.0
Minnesota,137,8.05,8.05,v5_explore_low,up,1.4,3,0.0723,0.00249771,5.0797,True,1.0
Ohio,137,8.05,8.05,v5_explore_low,up,1.4,3,0.0723,0.00195564,3.9773,True,1.0
Louisiana,145,8.05,8.05,v5_explore_low,up,1.4,3,0.0723,0.00274213,5.5768,True,1.0
Unknown,5,8.05,8.05,v5_explore_low,up,1.4,3,0.0723,0.0017838,3.6278,True,1.0
Virginia,137,8.05,8.05,v5_explore_low,up,1.4,3,0.0723,0.00271623,5.5242,True,1.0
Iowa,5,8.05,8.05,v5_explore_low,up,1.4,3,0.0723,0.00193523,3.9358,True,1.0
Virginia,145,8.05,8.05,v5_explore_low,up,1.4,3,0.0723,0.00279081,5.6758,True,1.0
Delaware,5,8.05,8.05,v5_explore_low,up,1.4,3,0.1329,0.00201105,4.09,True,1.0
Washington,137,8.05,8.05,v5_explore_low,up,1.4,3,0.0723,0.00270131,5.4938,True,1.0
Kansas,145,8.05,8.05,v5_explore_low,up,1.4,2,0.0746,0.00264437,5.378,True,1.0
District of Columbia,136,8.05,8.05,v5_explore_low,up,1.4,2,0.0746,0.00260843,5.3049,True,1.0
Indiana,145,8.05,8.05,v5_explore_low,up,1.4,2,0.0746,0.00226683,4.6102,True,1.0
Idaho,146,8.05,8.05,v5_explore_low,up,1.4,2,0.0746,0.00283349,5.7627,True,1.0
Kentucky,145,8.05,8.05,v5_explore_low,up,1.4,2,0.1058,0.00207592,4.2219,True,1.0
Colorado,145,8.05,8.05,v5_explore_low,up,1.4,2,0.1058,0.00207592,4.2219,True,1.0
Connecticut,137,8.05,8.05,v5_explore_low,up,1.4,2,0.0746,0.0026014,5.2906,True,1.0
Illinois,137,8.05,8.05,v5_explore_low,up,1.4,2,0.0746,0.00211011,4.2915,True,1.0
Wyoming,150,8.05,8.05,v5_explore_low,up,1.4,2,0.0746,0.00289705,5.8919,True,1.0
Nevada,100,8.05,8.05,v5_explore_low,up,1.4,2,0.1058,0.00207592,4.2219,True,1.0
Wisconsin,145,8.05,8.05,v5_explore_low,up,1.4,2,0.1058,0.00207592,4.2219,True,1.0
Rhode Island,46,8.05,8.05,v5_explore_low,up,1.4,2,0.0746,0.00197104,4.0086,True,1.0
Alaska,5,8.05,8.05,v5_explore_low,up,1.4,2,0.1058,0.00207592,4.2219,True,1.0
Alaska,145,8.05,8.05,v5_explore_low,up,1.4,2,0.1371,0.00201105,4.09,True,1.0
Wyoming,5,8.05,8.05,v5_explore_low,up,1.4,2,0.0746,0.00177269,3.6052,True,1.0
Arizona,-1,8.05,8.05,v5_explore_low,up,1.4,2,0.0746,0.00167269,3.4018,True,1.0
Massachusetts,145,8.05,8.05,v5_explore_low,up,1.4,2,0.0746,0.00238392,4.8483,True,1.0
Florida,137,8.05,8.05,v5_explore_low,up,1.4,2,0.1371,0.00201105,4.09,True,1.0
Utah,-1,8.05,8.05,v5_explore_low,up,1.4,2,0.1058,0.00207592,4.2219,True,1.0
Arizona,46,8.05,8.05,v5_explore_low,up,1.4,2,0.0746,0.00196152,3.9893,True,1.0
Montana,46,8.05,8.05,v5_explore_low,up,1.4,2,0.1058,0.00207592,4.2219,True,1.0
Montana,-1,8.05,8.05,v5_explore_low,up,1.4,2,0.0746,0.00173382,3.5262,True,1.0
Arkansas,145,8.05,8.05,v5_explore_low,up,1.4,2,0.0746,0.00278605,5.6661,True,1.0
Vermont,5,8.05,8.05,v5_explore_low,up,1.4,2,0.0746,0.00182564,3.7129,True,1.0
Arkansas,-1,8.05,8.05,v5_explore_low,up,1.4,1,0.077,0.00169893,3.4552,True,1.0
Delaware,46,8.05,8.05,v5_explore_low,up,1.4,1,0.1093,0.00207592,4.2219,True,1.0
Wyoming,46,8.05,8.05,v5_explore_low,up,1.4,1,0.077,0.00203693,4.1426,True,1.0
District of Columbia,146,8.05,8.05,v5_explore_low,up,1.4,1,0.077,0.00269827,5.4876,True,1.0
California,-1,8.05,8.05,v5_explore_low,up,1.4,1,0.1093,0.00207592,4.2219,True,1.0
South Dakota,145,8.05,8.05,v5_explore_low,up,1.4,1,0.077,0.00278901,5.6722,True,1.0
Hawaii,46,8.05,8.05,v5_explore_low,up,1.4,1,0.077,0.00202855,4.1256,True,1.0
Utah,5,8.05,8.05,v5_explore_low,up,1.4,1,0.077,0.00172757,3.5135,True,1.0
Rhode Island,5,8.05,8.05,v5_explore_low,up,1.4,1,0.077,0.00171534,3.4886,True,1.0
Pennsylvania,149,8.05,8.05,v5_explore_low,up,1.4,1,0.077,0.00202969,4.1279,True,1.0
Oklahoma,136,8.05,8.05,v5_explore_low,up,1.4,1,0.077,0.00264446,5.3782,True,1.0
North Dakota,46,8.05,8.05,v5_explore_low,up,1.4,1,0.077,0.0020133,4.0946,True,1.0
North Dakota,5,8.05,8.05,v5_explore_low,up,1.4,1,0.077,0.00175212,3.5634,True,1.0
North Carolina,137,8.05,8.05,v5_explore_low,up,1.4,1,0.077,0.00253332,5.1522,True,1.0
New Hampshire,145,8.05,8.05,v5_explore_low,up,1.4,1,0.077,0.00300116,6.1036,True,1.0
New Hampshire,-1,8.05,8.05,v5_explore_low,up,1.4,1,0.077,0.00183026,3.7223,True,1.0
Nevada,146,8.05,8.05,v5_explore_low,up,1.4,1,0.077,0.00283164,5.7589,True,1.0
Nebraska,145,8.05,8.05,v5_explore_low,up,1.4,1,0.1093,0.00207592,4.2219,True,1.0
Missouri,149,8.05,8.05,v5_explore_low,up,1.4,1,0.077,0.00243771,4.9577,True,1.0
Hawaii,146,8.05,8.05,v5_explore_low,up,1.4,1,0.077,0.00284634,5.7888,True,1.0
Mississippi,5,8.05,8.05,v5_explore_low,up,1.4,1,0.1093,0.00207592,4.2219,True,1.0
Minnesota,145,8.05,8.05,v5_explore_low,up,1.4,1,0.077,0.00256631,5.2193,True,1.0
Maine,145,8.05,8.05,v5_explore_low,up,1.4,1,0.077,0.00273847,5.5694,True,1.0
South Carolina,145,8.05,8.05,v5_explore_low,up,1.4,1,0.077,0.00250466,5.0939,True,1.0
Louisiana,-1,8.05,8.05,v5_explore_low,up,1.4,1,0.077,0.00167212,3.4007,True,1.0
Indiana,137,8.05,8.05,v5_explore_low,up,1.4,1,0.077,0.00220622,4.4869,True,1.0
Illinois,136,8.05,8.05,v5_explore_low,up,1.4,1,0.077,0.00210297,4.2769,True,1.0
Idaho,137,8.05,8.05,v5_explore_low,up,1.4,1,0.1093,0.00207592,4.2219,True,1.0
Idaho,5,8.05,8.05,v5_explore_low,up,1.4,1,0.077,0.00175743,3.5742,True,1.0
Idaho,-1,8.05,8.05,v5_explore_low,up,1.4,1,0.077,0.00172205,3.5022,True,1.0
Louisiana,137,8.05,8.05,v5_explore_low,up,1.4,1,0.077,0.00266884,5.4278,True,1.0
