internal_adspace_id,geo_region_name,os_code,suggested_bid_cpm
111563,Akershus,-1,20.0
111563,Alabama,-1,20.0
111563,Alabama,2,18.9
111563,Alabama,8,3.0
111563,Alabama,18,20.0
111563,Alaska,-1,18.9
111563,Alaska,8,16.4
111563,Alberta,-1,20.0
111563,Ar Riyāḑ,-1,20.0
111563,Arizona,-1,20.0
111563,Arizona,2,18.9
111563,Arizona,8,20.0
111563,Arizona,18,20.0
111563,Arkansas,-1,20.0
111563,Arkansas,8,20.0
111563,Belgrade,-1,20.0
111563,Bourgogne-Franche-Comte,-1,20.0
111563,British Columbia,-1,20.0
111563,California,-1,20.0
111563,California,1,20.0
111563,California,2,18.9
111563,California,8,3.0
111563,California,10,20.0
111563,California,18,3.06
111563,Catalonia,-1,20.0
111563,Colorado,-1,20.0
111563,Colorado,1,14.26
111563,Colorado,2,18.9
111563,Colorado,8,13.02
111563,Connecticut,-1,20.0
111563,Connecticut,2,20.0
111563,Connecticut,8,3.0
111563,Connecticut,18,20.0
111563,Delaware,-1,18.9
111563,Delaware,2,20.0
111563,Delaware,8,18.9
111563,District of Columbia,-1,20.0
111563,District of Columbia,2,20.0
111563,District of Columbia,8,16.12
111563,Florida,-1,20.0
111563,Florida,1,17.57
111563,Florida,2,17.62
111563,Florida,8,3.0
111563,Florida,18,20.0
111563,Georgia,-1,20.0
111563,Georgia,2,20.0
111563,Georgia,8,3.0
111563,Hawaii,-1,20.0
111563,Hawaii,2,20.0
111563,Hawaii,8,18.9
111563,Idaho,-1,20.0
111563,Idaho,2,20.0
111563,Idaho,8,16.26
111563,Illinois,-1,20.0
111563,Illinois,2,20.0
111563,Illinois,8,3.0
111563,Illinois,18,20.0
111563,Indiana,-1,20.0
111563,Indiana,2,20.0
111563,Indiana,8,20.0
111563,Indiana,18,20.0
111563,Iowa,-1,20.0
111563,Iowa,2,20.0
111563,Iowa,8,20.0
111563,Kansas,-1,20.0
111563,Kansas,8,20.0
111563,Kentucky,-1,20.0
111563,Kentucky,2,20.0
111563,Kentucky,8,20.0
111563,Kentucky,18,20.0
111563,Louisiana,-1,20.0
111563,Louisiana,2,18.82
111563,Louisiana,8,20.0
111563,Maine,-1,20.0
111563,Maine,1,20.0
111563,Maine,2,20.0
111563,Maine,8,16.8
111563,Maryland,-1,20.0
111563,Maryland,2,20.0
111563,Maryland,8,20.0
111563,Massachusetts,-1,20.0
111563,Massachusetts,1,20.0
111563,Massachusetts,2,18.9
111563,Massachusetts,8,20.0
111563,Massachusetts,18,20.0
111563,Michigan,-1,20.0
111563,Michigan,1,20.0
111563,Michigan,2,18.9
111563,Michigan,8,20.0
111563,Michigan,18,20.0
111563,Minnesota,-1,20.0
111563,Minnesota,2,20.0
111563,Minnesota,8,20.0
111563,Mississippi,-1,20.0
111563,Mississippi,8,3.0
111563,Mississippi,18,20.0
111563,Missouri,-1,20.0
111563,Missouri,2,18.9
111563,Missouri,8,3.0
111563,Missouri,10,20.0
111563,Montana,-1,18.9
111563,Montana,8,20.0
111563,Nebraska,-1,20.0
111563,Nebraska,2,20.0
111563,Nebraska,8,20.0
111563,Nevada,-1,20.0
111563,Nevada,2,18.9
111563,Nevada,8,12.75
111563,Nevada,18,20.0
111563,New Hampshire,-1,20.0
111563,New Hampshire,2,18.54
111563,New Hampshire,8,16.8
111563,New Jersey,-1,20.0
111563,New Jersey,8,3.0
111563,New Jersey,18,20.0
111563,New Mexico,-1,20.0
111563,New Mexico,1,20.0
111563,New Mexico,8,20.0
111563,New York,-1,20.0
111563,New York,2,18.9
111563,New York,8,3.04
111563,New York,18,20.0
111563,North Carolina,-1,20.0
111563,North Carolina,2,18.9
111563,North Carolina,8,3.0
111563,North Carolina,18,18.39
111563,North Dakota,-1,18.9
111563,North Dakota,2,20.0
111563,North Dakota,8,15.36
111563,Nova Scotia,-1,20.0
111563,Ohio,-1,20.0
111563,Ohio,1,20.0
111563,Ohio,2,18.9
111563,Ohio,8,20.0
111563,Ohio,18,17.54
111563,Oklahoma,-1,20.0
111563,Oklahoma,2,20.0
111563,Oklahoma,8,20.0
111563,Ontario,-1,20.0
111563,Oregon,-1,20.0
111563,Oregon,2,20.0
111563,Oregon,8,3.0
111563,Pennsylvania,-1,20.0
111563,Pennsylvania,2,18.4
111563,Pennsylvania,8,3.0
111563,Pennsylvania,18,18.9
111563,Rhode Island,-1,20.0
111563,Rhode Island,8,20.0
111563,Rhode Island,18,20.0
111563,Rio de Janeiro,-1,20.0
111563,South Carolina,-1,20.0
111563,South Carolina,2,18.9
111563,South Carolina,8,3.0
111563,South Carolina,18,20.0
111563,South Dakota,-1,20.0
111563,South Dakota,8,18.44
111563,Tennessee,-1,20.0
111563,Tennessee,2,18.9
111563,Tennessee,8,3.0
111563,Tennessee,18,20.0
111563,Texas,-1,20.0
111563,Texas,1,20.0
111563,Texas,2,18.9
111563,Texas,8,20.0
111563,Unknown,-1,20.0
111563,Unknown,1,20.0
111563,Unknown,2,20.0
111563,Unknown,8,3.0
111563,Unknown,18,18.9
111563,Utah,-1,20.0
111563,Utah,8,20.0
111563,Vermont,-1,18.38
111563,Vermont,8,18.71
111563,Vermont,18,20.0
111563,Virginia,-1,20.0
111563,Virginia,2,17.82
111563,Virginia,8,20.0
111563,Virginia,18,20.0
111563,Washington,-1,20.0
111563,Washington,2,18.9
111563,Washington,8,20.0
111563,Washington,18,18.9
111563,West Virginia,-1,20.0
111563,West Virginia,2,20.0
111563,West Virginia,8,20.0
111563,West Virginia,18,20.0
111563,Wisconsin,-1,20.0
111563,Wisconsin,2,18.9
111563,Wisconsin,8,20.0
111563,Wisconsin,18,20.0
111563,Wyoming,-1,18.9
111563,Wyoming,8,3.0
111564,Akershus,-1,20.0
111564,Alabama,-1,20.0
111564,Alabama,2,18.9
111564,Alabama,8,20.0
111564,Alaska,-1,18.9
111564,Alaska,8,18.29
111564,Alberta,-1,20.0
111564,Ar Riyāḑ,-1,20.0
111564,Arizona,-1,20.0
111564,Arizona,2,20.0
111564,Arizona,8,3.0
111564,Arizona,18,20.0
111564,Arkansas,-1,20.0
111564,Arkansas,8,3.0
111564,Belgrade,-1,20.0
111564,Bourgogne-Franche-Comte,-1,20.0
111564,British Columbia,-1,20.0
111564,California,-1,20.0
111564,California,1,20.0
111564,California,2,18.9
111564,California,8,3.04
111564,California,18,3.06
111564,Catalonia,-1,20.0
111564,Colorado,-1,20.0
111564,Colorado,1,15.94
111564,Colorado,2,20.0
111564,Colorado,8,17.55
111564,Connecticut,-1,20.0
111564,Connecticut,2,20.0
111564,Connecticut,8,3.0
111564,Connecticut,18,20.0
111564,Delaware,-1,20.0
111564,Delaware,2,20.0
111564,Delaware,8,18.9
111564,District of Columbia,-1,20.0
111564,District of Columbia,2,20.0
111564,District of Columbia,8,20.0
111564,England,-1,20.0
111564,England,8,20.0
111564,Florida,-1,20.0
111564,Florida,1,17.89
111564,Florida,2,18.85
111564,Florida,8,3.0
111564,Florida,18,15.36
111564,Georgia,-1,20.0
111564,Georgia,2,20.0
111564,Georgia,8,3.0
111564,Georgia,18,20.0
111564,Hawaii,-1,20.0
111564,Hawaii,8,20.0
111564,Idaho,-1,20.0
111564,Idaho,8,16.27
111564,Idaho,18,20.0
111564,Illinois,-1,20.0
111564,Illinois,2,20.0
111564,Illinois,8,20.0
111564,Illinois,18,18.9
111564,Indiana,-1,20.0
111564,Indiana,2,20.0
111564,Indiana,8,20.0
111564,Indiana,18,20.0
111564,Iowa,-1,20.0
111564,Iowa,2,20.0
111564,Iowa,8,20.0
111564,Kansas,-1,20.0
111564,Kansas,8,20.0
111564,Kentucky,-1,20.0
111564,Kentucky,2,20.0
111564,Kentucky,8,20.0
111564,Kentucky,18,18.9
111564,Louisiana,-1,20.0
111564,Louisiana,8,20.0
111564,Maine,-1,20.0
111564,Maine,8,20.0
111564,Maine,18,20.0
111564,Manitoba,-1,20.0
111564,Maryland,-1,20.0
111564,Maryland,2,20.0
111564,Maryland,8,20.0
111564,Maryland,18,20.0
111564,Massachusetts,-1,20.0
111564,Massachusetts,1,20.0
111564,Massachusetts,2,20.0
111564,Massachusetts,8,20.0
111564,Massachusetts,18,18.9
111564,Michigan,-1,20.0
111564,Michigan,1,20.0
111564,Michigan,2,18.9
111564,Michigan,8,20.0
111564,Michigan,18,20.0
111564,Minnesota,-1,20.0
111564,Minnesota,8,20.0
111564,Minnesota,18,20.0
111564,Mississippi,-1,20.0
111564,Mississippi,8,20.0
111564,Mississippi,18,20.0
111564,Missouri,-1,20.0
111564,Missouri,2,20.0
111564,Missouri,8,20.0
111564,Montana,-1,18.9
111564,Montana,8,20.0
111564,Nebraska,-1,20.0
111564,Nebraska,8,20.0
111564,Nevada,-1,20.0
111564,Nevada,2,20.0
111564,Nevada,8,17.22
111564,Nevada,18,20.0
111564,New Hampshire,-1,20.0
111564,New Hampshire,2,18.2
111564,New Hampshire,8,20.0
111564,New Jersey,-1,20.0
111564,New Jersey,2,20.0
111564,New Jersey,8,20.0
111564,New Jersey,18,20.0
111564,New Mexico,-1,20.0
111564,New Mexico,1,20.0
111564,New Mexico,8,20.0
111564,New York,-1,20.0
111564,New York,1,20.0
111564,New York,2,18.9
111564,New York,8,20.0
111564,New York,18,18.9
111564,North Carolina,-1,20.0
111564,North Carolina,2,20.0
111564,North Carolina,8,3.0
111564,North Carolina,18,17.62
111564,North Dakota,-1,20.0
111564,North Dakota,2,20.0
111564,North Dakota,8,16.26
111564,Nova Scotia,-1,20.0
111564,Ohio,-1,20.0
111564,Ohio,1,20.0
111564,Ohio,2,20.0
111564,Ohio,8,20.0
111564,Ohio,18,18.9
111564,Oklahoma,-1,20.0
111564,Oklahoma,8,20.0
111564,Ontario,-1,18.9
111564,Ontario,8,20.0
111564,Oregon,-1,20.0
111564,Oregon,2,18.9
111564,Oregon,8,20.0
111564,Oregon,18,20.0
111564,Pennsylvania,-1,20.0
111564,Pennsylvania,2,18.9
111564,Pennsylvania,8,20.0
111564,Pennsylvania,18,18.9
111564,Queensland,-1,20.0
111564,Rhode Island,-1,20.0
111564,Rhode Island,8,20.0
111564,Rhode Island,18,20.0
111564,Rio de Janeiro,-1,20.0
111564,Sofia-Capital,-1,20.0
111564,South Carolina,-1,20.0
111564,South Carolina,2,20.0
111564,South Carolina,8,3.0
111564,South Carolina,18,18.9
111564,South Dakota,-1,20.0
111564,South Dakota,8,17.63
111564,Tennessee,-1,20.0
111564,Tennessee,2,20.0
111564,Tennessee,8,20.0
111564,Tennessee,18,20.0
111564,Texas,-1,20.0
111564,Texas,1,20.0
111564,Texas,2,18.9
111564,Texas,8,20.0
111564,Texas,18,20.0
111564,Unknown,-1,20.0
111564,Unknown,1,20.0
111564,Unknown,2,20.0
111564,Unknown,8,3.05
111564,Unknown,18,3.06
111564,Utah,-1,20.0
111564,Utah,1,20.0
111564,Utah,8,20.0
111564,Vermont,-1,20.0
111564,Vermont,8,18.14
111564,Vermont,18,20.0
111564,Virginia,-1,20.0
111564,Virginia,2,18.9
111564,Virginia,8,20.0
111564,Virginia,18,20.0
111564,Washington,-1,20.0
111564,Washington,2,18.9
111564,Washington,8,20.0
111564,Washington,18,18.9
111564,West Virginia,-1,20.0
111564,West Virginia,8,20.0
111564,West Virginia,18,20.0
111564,Wisconsin,-1,20.0
111564,Wisconsin,2,20.0
111564,Wisconsin,8,20.0
111564,Wisconsin,18,18.9
111564,Wyoming,-1,20.0
111564,Wyoming,8,3.0
111565,Akershus,-1,20.0
111565,Alabama,-1,20.0
111565,Alabama,2,18.9
111565,Alabama,8,20.0
111565,Alaska,-1,18.9
111565,Alaska,8,18.9
111565,Alberta,-1,20.0
111565,Ar Riyāḑ,-1,20.0
111565,Arizona,-1,20.0
111565,Arizona,2,20.0
111565,Arizona,8,20.0
111565,Arizona,18,20.0
111565,Arkansas,-1,20.0
111565,Arkansas,8,20.0
111565,Belgrade,-1,20.0
111565,Bourgogne-Franche-Comte,-1,20.0
111565,British Columbia,-1,20.0
111565,California,-1,20.0
111565,California,1,20.0
111565,California,2,18.9
111565,California,8,20.0
111565,California,18,18.9
111565,Catalonia,-1,20.0
111565,Colorado,-1,20.0
111565,Colorado,1,18.9
111565,Colorado,2,20.0
111565,Colorado,8,20.0
111565,Connecticut,-1,20.0
111565,Connecticut,2,18.9
111565,Connecticut,8,20.0
111565,Connecticut,18,20.0
111565,Delaware,-1,20.0
111565,Delaware,2,20.0
111565,Delaware,8,18.9
111565,District of Columbia,-1,20.0
111565,District of Columbia,2,20.0
111565,District of Columbia,8,18.9
111565,England,-1,20.0
111565,England,8,20.0
111565,Florida,-1,20.0
111565,Florida,1,18.9
111565,Florida,2,18.33
111565,Florida,8,20.0
111565,Florida,18,16.74
111565,Georgia,-1,20.0
111565,Georgia,2,20.0
111565,Georgia,8,20.0
111565,Georgia,18,20.0
111565,Hawaii,-1,20.0
111565,Hawaii,8,20.0
111565,Idaho,-1,20.0
111565,Idaho,8,18.9
111565,Idaho,18,20.0
111565,Illinois,-1,20.0
111565,Illinois,2,20.0
111565,Illinois,8,20.0
111565,Illinois,18,18.9
111565,Indiana,-1,20.0
111565,Indiana,2,20.0
111565,Indiana,8,20.0
111565,Indiana,18,20.0
111565,Iowa,-1,20.0
111565,Iowa,2,20.0
111565,Iowa,8,20.0
111565,Kansas,-1,20.0
111565,Kansas,8,20.0
111565,Kentucky,-1,20.0
111565,Kentucky,2,20.0
111565,Kentucky,8,20.0
111565,Kentucky,18,18.9
111565,Louisiana,-1,20.0
111565,Louisiana,2,20.0
111565,Louisiana,8,20.0
111565,Maine,-1,20.0
111565,Maine,8,20.0
111565,Maine,18,20.0
111565,Manitoba,-1,20.0
111565,Maryland,-1,20.0
111565,Maryland,2,20.0
111565,Maryland,8,20.0
111565,Maryland,18,20.0
111565,Massachusetts,-1,20.0
111565,Massachusetts,1,20.0
111565,Massachusetts,2,20.0
111565,Massachusetts,8,20.0
111565,Massachusetts,18,18.9
111565,Michigan,-1,20.0
111565,Michigan,1,20.0
111565,Michigan,2,18.9
111565,Michigan,8,20.0
111565,Michigan,18,20.0
111565,Minnesota,-1,20.0
111565,Minnesota,8,20.0
111565,Minnesota,18,20.0
111565,Mississippi,-1,20.0
111565,Mississippi,8,20.0
111565,Mississippi,18,20.0
111565,Missouri,-1,20.0
111565,Missouri,2,20.0
111565,Missouri,8,20.0
111565,Montana,-1,18.9
111565,Montana,8,18.9
111565,Nebraska,-1,20.0
111565,Nebraska,8,20.0
111565,Nevada,-1,20.0
111565,Nevada,2,20.0
111565,Nevada,8,20.0
111565,Nevada,18,20.0
111565,New Hampshire,-1,20.0
111565,New Hampshire,2,18.61
111565,New Hampshire,8,20.0
111565,New Jersey,-1,20.0
111565,New Jersey,2,20.0
111565,New Jersey,8,20.0
111565,New Jersey,18,20.0
111565,New Mexico,-1,20.0
111565,New Mexico,1,20.0
111565,New Mexico,8,20.0
111565,New York,-1,20.0
111565,New York,1,20.0
111565,New York,2,18.9
111565,New York,8,20.0
111565,New York,18,20.0
111565,North Carolina,-1,20.0
111565,North Carolina,2,20.0
111565,North Carolina,8,20.0
111565,North Carolina,18,18.9
111565,North Dakota,-1,20.0
111565,North Dakota,2,20.0
111565,North Dakota,8,20.0
111565,Nova Scotia,-1,20.0
111565,Ohio,-1,20.0
111565,Ohio,1,20.0
111565,Ohio,2,20.0
111565,Ohio,8,20.0
111565,Ohio,18,18.9
111565,Oklahoma,-1,20.0
111565,Oklahoma,8,20.0
111565,Ontario,-1,18.9
111565,Ontario,8,20.0
111565,Oregon,-1,20.0
111565,Oregon,2,18.9
111565,Oregon,8,20.0
111565,Oregon,18,20.0
111565,Ostan-e Tehran,-1,20.0
111565,Pennsylvania,-1,20.0
111565,Pennsylvania,2,18.9
111565,Pennsylvania,8,20.0
111565,Pennsylvania,18,18.9
111565,Queensland,-1,20.0
111565,Rhode Island,-1,20.0
111565,Rhode Island,8,20.0
111565,Rhode Island,18,20.0
111565,Rio de Janeiro,-1,20.0
111565,Sofia-Capital,-1,20.0
111565,South Carolina,-1,20.0
111565,South Carolina,8,20.0
111565,South Carolina,18,18.9
111565,South Dakota,-1,20.0
111565,South Dakota,8,18.9
111565,Tennessee,-1,20.0
111565,Tennessee,2,20.0
111565,Tennessee,8,20.0
111565,Tennessee,18,20.0
111565,Texas,-1,20.0
111565,Texas,1,20.0
111565,Texas,2,20.0
111565,Texas,8,20.0
111565,Texas,18,20.0
111565,Unknown,-1,20.0
111565,Unknown,1,20.0
111565,Unknown,2,18.9
111565,Unknown,8,20.0
111565,Unknown,18,18.9
111565,Utah,-1,20.0
111565,Utah,8,20.0
111565,Vermont,-1,20.0
111565,Vermont,8,18.9
111565,Vermont,18,20.0
111565,Virginia,-1,20.0
111565,Virginia,2,18.14
111565,Virginia,8,20.0
111565,Virginia,18,20.0
111565,Washington,-1,20.0
111565,Washington,2,18.9
111565,Washington,8,20.0
111565,Washington,18,18.9
111565,West Virginia,-1,20.0
111565,West Virginia,8,20.0
111565,West Virginia,18,20.0
111565,Wisconsin,-1,20.0
111565,Wisconsin,2,20.0
111565,Wisconsin,8,20.0
111565,Wisconsin,18,18.9
111565,Wyoming,-1,18.9
111565,Wyoming,8,20.0
111566,Alabama,-1,20.0
111566,Alabama,2,20.0
111566,Alabama,8,20.0
111566,Alaska,-1,18.9
111566,Alaska,8,20.0
111566,Alberta,-1,20.0
111566,Arizona,-1,20.0
111566,Arizona,2,20.0
111566,Arizona,8,20.0
111566,Arizona,18,20.0
111566,Arkansas,-1,18.9
111566,Arkansas,8,18.9
111566,Belgrade,-1,20.0
111566,British Columbia,-1,20.0
111566,California,-1,20.0
111566,California,1,20.0
111566,California,2,20.0
111566,California,8,20.0
111566,California,18,18.82
111566,Colorado,-1,20.0
111566,Colorado,1,20.0
111566,Colorado,2,20.0
111566,Colorado,8,20.0
111566,Connecticut,-1,20.0
111566,Connecticut,2,20.0
111566,Connecticut,8,20.0
111566,Connecticut,18,20.0
111566,Delaware,-1,18.9
111566,Delaware,8,18.9
111566,District of Columbia,-1,18.9
111566,District of Columbia,2,20.0
111566,District of Columbia,8,18.9
111566,England,-1,20.0
111566,England,8,20.0
111566,Florida,-1,20.0
111566,Florida,1,20.0
111566,Florida,2,18.9
111566,Florida,8,20.0
111566,Florida,18,18.9
111566,Georgia,-1,20.0
111566,Georgia,2,20.0
111566,Georgia,8,20.0
111566,Georgia,18,20.0
111566,Hawaii,-1,18.9
111566,Hawaii,8,18.9
111566,Idaho,-1,18.9
111566,Idaho,8,18.9
111566,Idaho,18,20.0
111566,Illinois,-1,20.0
111566,Illinois,8,20.0
111566,Illinois,18,20.0
111566,Indiana,-1,20.0
111566,Indiana,2,20.0
111566,Indiana,8,18.9
111566,Indiana,18,20.0
111566,Iowa,-1,20.0
111566,Iowa,2,20.0
111566,Iowa,8,18.9
111566,Kansas,-1,20.0
111566,Kansas,8,18.9
111566,Kentucky,-1,20.0
111566,Kentucky,2,20.0
111566,Kentucky,8,18.9
111566,Kentucky,18,20.0
111566,Louisiana,-1,20.0
111566,Louisiana,8,18.9
111566,Maine,-1,18.9
111566,Maine,8,18.9
111566,Maine,18,20.0
111566,Manitoba,-1,20.0
111566,Maryland,-1,20.0
111566,Maryland,8,20.0
111566,Massachusetts,-1,20.0
111566,Massachusetts,8,20.0
111566,Massachusetts,18,18.9
111566,Michigan,-1,20.0
111566,Michigan,1,20.0
111566,Michigan,2,20.0
111566,Michigan,8,20.0
111566,Michigan,18,20.0
111566,Minnesota,-1,20.0
111566,Minnesota,8,20.0
111566,Minnesota,18,20.0
111566,Mississippi,-1,20.0
111566,Mississippi,8,18.9
111566,Mississippi,18,20.0
111566,Missouri,-1,20.0
111566,Missouri,2,20.0
111566,Missouri,8,18.9
111566,Montana,-1,18.9
111566,Montana,8,20.0
111566,Nebraska,-1,20.0
111566,Nebraska,8,18.1
111566,Nevada,-1,18.9
111566,Nevada,2,20.0
111566,Nevada,8,17.93
111566,Nevada,18,20.0
111566,New Hampshire,-1,20.0
111566,New Hampshire,2,18.9
111566,New Hampshire,8,18.9
111566,New Jersey,-1,20.0
111566,New Jersey,2,20.0
111566,New Jersey,8,20.0
111566,New Mexico,-1,18.9
111566,New Mexico,1,20.0
111566,New Mexico,8,18.9
111566,New York,-1,20.0
111566,New York,2,20.0
111566,New York,8,20.0
111566,New York,18,20.0
111566,North Carolina,-1,20.0
111566,North Carolina,8,20.0
111566,North Carolina,18,20.0
111566,North Dakota,-1,18.9
111566,North Dakota,2,20.0
111566,North Dakota,8,20.0
111566,Ohio,-1,20.0
111566,Ohio,2,20.0
111566,Ohio,8,20.0
111566,Ohio,18,18.9
111566,Oklahoma,-1,20.0
111566,Oklahoma,2,20.0
111566,Oklahoma,8,18.74
111566,Ontario,-1,20.0
111566,Oregon,-1,20.0
111566,Oregon,2,20.0
111566,Oregon,8,18.9
111566,Pennsylvania,-1,20.0
111566,Pennsylvania,2,20.0
111566,Pennsylvania,8,20.0
111566,Pennsylvania,18,20.0
111566,Rhode Island,-1,18.9
111566,Rhode Island,8,20.0
111566,Rhode Island,18,20.0
111566,Rio de Janeiro,-1,20.0
111566,South Carolina,-1,20.0
111566,South Carolina,8,20.0
111566,South Carolina,18,20.0
111566,South Dakota,-1,18.9
111566,South Dakota,8,20.0
111566,Tennessee,-1,20.0
111566,Tennessee,2,20.0
111566,Tennessee,8,20.0
111566,Texas,-1,20.0
111566,Texas,2,20.0
111566,Texas,8,20.0
111566,Unknown,-1,20.0
111566,Unknown,2,18.9
111566,Unknown,8,20.0
111566,Unknown,18,18.9
111566,Utah,-1,20.0
111566,Utah,1,20.0
111566,Utah,8,18.9
111566,Vermont,-1,18.9
111566,Vermont,8,20.0
111566,Virginia,-1,20.0
111566,Virginia,2,18.9
111566,Virginia,8,20.0
111566,Virginia,18,20.0
111566,Washington,-1,20.0
111566,Washington,2,18.39
111566,Washington,8,20.0
111566,Washington,18,20.0
111566,West Virginia,-1,20.0
111566,West Virginia,8,18.8
111566,West Virginia,18,20.0
111566,Wisconsin,-1,20.0
111566,Wisconsin,2,20.0
111566,Wisconsin,8,18.9
111566,Wisconsin,18,18.9
111566,Wyoming,-1,18.9
111566,Wyoming,8,20.0
111567,Alabama,-1,18.9
111567,Alabama,2,20.0
111567,Alabama,8,18.9
111567,Alaska,-1,20.0
111567,Alaska,8,20.0
111567,Alberta,-1,20.0
111567,Arizona,-1,20.0
111567,Arizona,8,18.9
111567,Arizona,18,20.0
111567,Arkansas,-1,18.9
111567,Arkansas,8,20.0
111567,Bourgogne-Franche-Comte,-1,20.0
111567,British Columbia,-1,20.0
111567,California,-1,20.0
111567,California,1,20.0
111567,California,2,20.0
111567,California,8,20.0
111567,California,18,18.9
111567,Colorado,-1,20.0
111567,Colorado,1,20.0
111567,Colorado,2,20.0
111567,Colorado,8,16.98
111567,Connecticut,-1,18.9
111567,Connecticut,2,20.0
111567,Connecticut,8,16.29
111567,Connecticut,18,20.0
111567,Delaware,-1,20.0
111567,Delaware,8,20.0
111567,District of Columbia,-1,20.0
111567,District of Columbia,2,20.0
111567,District of Columbia,8,20.0
111567,England,-1,20.0
111567,Florida,-1,20.0
111567,Florida,1,20.0
111567,Florida,2,20.0
111567,Florida,8,3.0
111567,Florida,18,20.0
111567,Georgia,-1,20.0
111567,Georgia,2,20.0
111567,Georgia,8,20.0
111567,Hawaii,-1,20.0
111567,Hawaii,8,18.9
111567,Idaho,-1,20.0
111567,Idaho,8,20.0
111567,Idaho,18,20.0
111567,Illinois,-1,20.0
111567,Illinois,8,18.9
111567,Illinois,18,20.0
111567,Indiana,-1,20.0
111567,Indiana,2,20.0
111567,Indiana,8,18.9
111567,Iowa,-1,18.9
111567,Iowa,2,20.0
111567,Iowa,8,18.9
111567,Kansas,-1,18.9
111567,Kansas,8,18.9
111567,Kentucky,-1,18.9
111567,Kentucky,8,18.9
111567,Kentucky,18,20.0
111567,Louisiana,-1,20.0
111567,Louisiana,8,18.1
111567,Maine,-1,20.0
111567,Maine,8,20.0
111567,Manitoba,-1,20.0
111567,Maryland,-1,20.0
111567,Maryland,8,18.9
111567,Massachusetts,-1,20.0
111567,Massachusetts,8,20.0
111567,Massachusetts,18,20.0
111567,Michigan,-1,20.0
111567,Michigan,1,20.0
111567,Michigan,2,20.0
111567,Michigan,8,18.51
111567,Michigan,18,20.0
111567,Minnesota,-1,18.9
111567,Minnesota,8,18.9
111567,Minnesota,18,20.0
111567,Mississippi,-1,18.9
111567,Mississippi,8,18.9
111567,Mississippi,18,20.0
111567,Missouri,-1,18.9
111567,Missouri,2,20.0
111567,Missouri,8,18.9
111567,Montana,-1,20.0
111567,Montana,8,20.0
111567,Nebraska,-1,18.9
111567,Nebraska,8,18.9
111567,Nevada,-1,18.9
111567,Nevada,2,20.0
111567,Nevada,8,18.9
111567,Nevada,18,20.0
111567,New Hampshire,-1,18.9
111567,New Hampshire,2,20.0
111567,New Hampshire,8,20.0
111567,New Jersey,-1,20.0
111567,New Jersey,2,20.0
111567,New Jersey,8,20.0
111567,New Mexico,-1,18.9
111567,New Mexico,1,20.0
111567,New Mexico,8,20.0
111567,New York,-1,20.0
111567,New York,2,20.0
111567,New York,8,20.0
111567,North Carolina,-1,20.0
111567,North Carolina,8,20.0
111567,North Dakota,-1,20.0
111567,Ohio,-1,20.0
111567,Ohio,2,20.0
111567,Ohio,8,20.0
111567,Ohio,18,17.28
111567,Oklahoma,-1,18.9
111567,Oklahoma,2,20.0
111567,Oklahoma,8,18.9
111567,Ontario,-1,20.0
111567,Ontario,8,20.0
111567,Oregon,-1,20.0
111567,Oregon,2,20.0
111567,Oregon,8,18.9
111567,Pennsylvania,-1,20.0
111567,Pennsylvania,2,20.0
111567,Pennsylvania,8,20.0
111567,Pennsylvania,18,20.0
111567,Rhode Island,-1,18.9
111567,Rhode Island,8,20.0
111567,Rio de Janeiro,-1,20.0
111567,South Carolina,-1,20.0
111567,South Carolina,8,17.19
111567,South Dakota,-1,20.0
111567,South Dakota,8,20.0
111567,Tennessee,-1,20.0
111567,Tennessee,2,20.0
111567,Tennessee,8,20.0
111567,Texas,-1,20.0
111567,Texas,2,20.0
111567,Texas,8,20.0
111567,Unknown,-1,20.0
111567,Unknown,2,18.9
111567,Unknown,8,20.0
111567,Unknown,18,18.9
111567,Utah,-1,18.9
111567,Utah,8,20.0
111567,Vermont,-1,20.0
111567,Vermont,8,20.0
111567,Virginia,-1,20.0
111567,Virginia,2,20.0
111567,Virginia,8,18.9
111567,Washington,-1,20.0
111567,Washington,2,18.9
111567,Washington,8,18.9
111567,Washington,18,20.0
111567,West Virginia,-1,18.9
111567,West Virginia,8,20.0
111567,Wisconsin,-1,18.9
111567,Wisconsin,2,20.0
111567,Wisconsin,8,18.9
111567,Wisconsin,18,20.0
111567,Wyoming,-1,20.0
111568,Alabama,-1,18.9
111568,Alabama,2,20.0
111568,Alabama,8,18.9
111568,Alaska,-1,20.0
111568,Alaska,8,20.0
111568,Alberta,-1,20.0
111568,Arizona,-1,20.0
111568,Arizona,8,18.9
111568,Arizona,18,20.0
111568,Arkansas,-1,18.9
111568,Arkansas,8,20.0
111568,Bourgogne-Franche-Comte,-1,20.0
111568,British Columbia,-1,20.0
111568,California,-1,20.0
111568,California,1,20.0
111568,California,2,20.0
111568,California,8,20.0
111568,California,18,20.0
111568,Colorado,-1,18.9
111568,Colorado,1,20.0
111568,Colorado,2,20.0
111568,Colorado,8,17.65
111568,Connecticut,-1,18.9
111568,Connecticut,2,20.0
111568,Connecticut,8,18.9
111568,Connecticut,18,20.0
111568,Delaware,-1,20.0
111568,Delaware,8,20.0
111568,District of Columbia,-1,20.0
111568,District of Columbia,2,20.0
111568,District of Columbia,8,20.0
111568,England,-1,20.0
111568,Florida,-1,20.0
111568,Florida,2,20.0
111568,Florida,8,20.0
111568,Florida,18,20.0
111568,Georgia,-1,20.0
111568,Georgia,2,20.0
111568,Georgia,8,16.49
111568,Hawaii,-1,20.0
111568,Hawaii,8,20.0
111568,Idaho,-1,20.0
111568,Idaho,2,20.0
111568,Idaho,8,20.0
111568,Idaho,18,20.0
111568,Illinois,-1,18.9
111568,Illinois,8,18.9
111568,Illinois,18,20.0
111568,Indiana,-1,18.9
111568,Indiana,2,20.0
111568,Indiana,8,18.9
111568,Iowa,-1,18.9
111568,Iowa,2,20.0
111568,Iowa,8,20.0
111568,Kansas,-1,18.9
111568,Kansas,8,20.0
111568,Kentucky,-1,18.9
111568,Kentucky,8,20.0
111568,Kentucky,18,20.0
111568,Louisiana,-1,18.9
111568,Louisiana,8,18.9
111568,Maine,-1,20.0
111568,Maine,8,20.0
111568,Manitoba,-1,20.0
111568,Maryland,-1,20.0
111568,Maryland,8,18.9
111568,Massachusetts,-1,20.0
111568,Massachusetts,8,18.9
111568,Massachusetts,18,20.0
111568,Michigan,-1,20.0
111568,Michigan,1,20.0
111568,Michigan,2,20.0
111568,Michigan,8,17.73
111568,Michigan,18,20.0
111568,Minnesota,-1,18.9
111568,Minnesota,8,18.9
111568,Mississippi,-1,18.9
111568,Mississippi,8,18.9
111568,Mississippi,18,20.0
111568,Missouri,-1,18.9
111568,Missouri,2,20.0
111568,Missouri,8,18.9
111568,Montana,-1,20.0
111568,Montana,8,20.0
111568,Nebraska,-1,18.9
111568,Nebraska,8,18.9
111568,Nevada,-1,18.9
111568,Nevada,2,20.0
111568,Nevada,8,20.0
111568,Nevada,18,20.0
111568,New Hampshire,-1,18.9
111568,New Hampshire,2,20.0
111568,New Hampshire,8,20.0
111568,New Jersey,-1,20.0
111568,New Jersey,2,20.0
111568,New Jersey,8,18.9
111568,New Mexico,-1,18.9
111568,New Mexico,1,20.0
111568,New Mexico,8,20.0
111568,New York,-1,20.0
111568,New York,2,20.0
111568,New York,8,20.0
111568,North Carolina,-1,20.0
111568,North Carolina,8,18.9
111568,North Dakota,-1,20.0
111568,Ohio,-1,20.0
111568,Ohio,2,20.0
111568,Ohio,8,18.9
111568,Ohio,18,18.9
111568,Oklahoma,-1,18.9
111568,Oklahoma,2,20.0
111568,Oklahoma,8,18.9
111568,Ontario,-1,20.0
111568,Oregon,-1,18.9
111568,Oregon,2,20.0
111568,Oregon,8,20.0
111568,Pennsylvania,-1,20.0
111568,Pennsylvania,2,20.0
111568,Pennsylvania,8,20.0
111568,Pennsylvania,18,20.0
111568,Rhode Island,-1,20.0
111568,Rhode Island,8,20.0
111568,Rio de Janeiro,-1,20.0
111568,South Carolina,-1,18.9
111568,South Carolina,8,18.9
111568,South Dakota,-1,20.0
111568,South Dakota,8,20.0
111568,Tennessee,-1,18.9
111568,Tennessee,2,20.0
111568,Tennessee,8,18.9
111568,Texas,-1,20.0
111568,Texas,2,20.0
111568,Texas,8,20.0
111568,Unknown,-1,20.0
111568,Unknown,2,18.9
111568,Unknown,8,20.0
111568,Unknown,18,20.0
111568,Utah,-1,18.9
111568,Utah,8,20.0
111568,Vermont,-1,20.0
111568,Vermont,8,20.0
111568,Virginia,-1,20.0
111568,Virginia,2,20.0
111568,Virginia,8,18.9
111568,Washington,-1,18.9
111568,Washington,2,20.0
111568,Washington,8,18.9
111568,West Virginia,-1,18.9
111568,West Virginia,8,20.0
111568,Wisconsin,-1,18.9
111568,Wisconsin,2,20.0
111568,Wisconsin,8,18.9
111568,Wisconsin,18,20.0
111568,Wyoming,-1,20.0
111569,Alabama,-1,18.9
111569,Alabama,8,20.0
111569,Alaska,-1,20.0
111569,Alaska,8,20.0
111569,Alberta,-1,20.0
111569,Arizona,-1,18.9
111569,Arizona,8,18.9
111569,Arkansas,-1,20.0
111569,Arkansas,8,20.0
111569,Bourgogne-Franche-Comte,-1,20.0
111569,California,-1,20.0
111569,California,2,20.0
111569,California,8,20.0
111569,California,18,20.0
111569,Colorado,-1,18.9
111569,Colorado,1,20.0
111569,Colorado,2,20.0
111569,Colorado,8,18.19
111569,Connecticut,-1,18.9
111569,Connecticut,2,20.0
111569,Connecticut,8,18.9
111569,Connecticut,18,20.0
111569,Delaware,-1,20.0
111569,Delaware,8,20.0
111569,District of Columbia,-1,20.0
111569,District of Columbia,2,20.0
111569,District of Columbia,8,20.0
111569,Florida,-1,20.0
111569,Florida,1,20.0
111569,Florida,2,20.0
111569,Florida,8,20.0
111569,Florida,18,20.0
111569,Georgia,-1,18.9
111569,Georgia,2,20.0
111569,Georgia,8,16.98
111569,Hawaii,-1,20.0
111569,Hawaii,8,20.0
111569,Idaho,-1,20.0
111569,Idaho,8,20.0
111569,Idaho,18,20.0
111569,Illinois,-1,18.9
111569,Illinois,8,18.9
111569,Illinois,18,20.0
111569,Indiana,-1,18.9
111569,Indiana,8,18.9
111569,Iowa,-1,20.0
111569,Iowa,8,20.0
111569,Kansas,-1,18.9
111569,Kansas,8,20.0
111569,Kentucky,-1,18.9
111569,Kentucky,8,20.0
111569,Louisiana,-1,18.9
111569,Louisiana,8,20.0
111569,Maine,-1,20.0
111569,Maine,18,20.0
111569,Manitoba,-1,20.0
111569,Maryland,-1,20.0
111569,Maryland,8,18.9
111569,Massachusetts,-1,18.9
111569,Massachusetts,8,18.9
111569,Massachusetts,18,20.0
111569,Michigan,-1,20.0
111569,Michigan,1,20.0
111569,Michigan,8,18.9
111569,Michigan,18,20.0
111569,Minnesota,-1,18.9
111569,Minnesota,8,20.0
111569,Mississippi,-1,18.9
111569,Mississippi,8,20.0
111569,Missouri,-1,18.9
111569,Missouri,2,20.0
111569,Missouri,8,20.0
111569,Montana,-1,20.0
111569,Montana,8,20.0
111569,Nebraska,-1,20.0
111569,Nebraska,8,20.0
111569,Nevada,-1,20.0
111569,Nevada,2,20.0
111569,Nevada,8,20.0
111569,Nevada,18,20.0
111569,New Hampshire,-1,18.9
111569,New Hampshire,2,20.0
111569,New Hampshire,8,20.0
111569,New Jersey,-1,20.0
111569,New Jersey,2,20.0
111569,New Jersey,8,18.9
111569,New Mexico,-1,18.9
111569,New Mexico,1,20.0
111569,New Mexico,8,20.0
111569,New York,-1,20.0
111569,New York,2,20.0
111569,New York,8,18.9
111569,North Carolina,-1,18.9
111569,North Carolina,8,18.9
111569,North Dakota,-1,20.0
111569,Ohio,-1,20.0
111569,Ohio,2,20.0
111569,Ohio,8,18.9
111569,Ohio,18,20.0
111569,Oklahoma,-1,18.9
111569,Oklahoma,2,20.0
111569,Oklahoma,8,20.0
111569,Oregon,-1,18.9
111569,Oregon,2,20.0
111569,Oregon,8,20.0
111569,Pennsylvania,-1,20.0
111569,Pennsylvania,2,20.0
111569,Pennsylvania,8,18.9
111569,Rhode Island,-1,20.0
111569,Rhode Island,8,20.0
111569,South Carolina,-1,18.9
111569,South Carolina,8,18.9
111569,South Dakota,-1,20.0
111569,Tennessee,-1,18.9
111569,Tennessee,2,20.0
111569,Tennessee,8,18.9
111569,Texas,-1,20.0
111569,Texas,2,20.0
111569,Texas,8,18.9
111569,Unknown,-1,20.0
111569,Unknown,2,20.0
111569,Unknown,8,20.0
111569,Unknown,18,18.9
111569,Utah,-1,18.9
111569,Utah,8,20.0
111569,Vermont,-1,20.0
111569,Vermont,8,20.0
111569,Virginia,-1,18.9
111569,Virginia,2,20.0
111569,Virginia,8,18.9
111569,Washington,-1,18.9
111569,Washington,2,20.0
111569,Washington,8,18.9
111569,West Virginia,-1,20.0
111569,West Virginia,8,20.0
111569,Wisconsin,-1,18.9
111569,Wisconsin,8,20.0
111569,Wisconsin,18,20.0
111569,Wyoming,-1,20.0
111570,Alabama,-1,20.0
111570,Alabama,8,20.0
111570,Alaska,-1,20.0
111570,Alberta,-1,20.0
111570,Arizona,-1,18.9
111570,Arizona,8,20.0
111570,Arkansas,-1,20.0
111570,British Columbia,-1,20.0
111570,California,-1,20.0
111570,California,2,20.0
111570,California,8,20.0
111570,California,18,20.0
111570,Colorado,-1,18.9
111570,Colorado,1,20.0
111570,Colorado,2,20.0
111570,Colorado,8,17.01
111570,Connecticut,-1,20.0
111570,Connecticut,2,20.0
111570,Connecticut,8,20.0
111570,Connecticut,18,20.0
111570,Delaware,-1,20.0
111570,Delaware,8,20.0
111570,District of Columbia,-1,20.0
111570,District of Columbia,2,20.0
111570,District of Columbia,8,20.0
111570,Florida,-1,20.0
111570,Florida,1,20.0
111570,Florida,2,20.0
111570,Florida,8,20.0
111570,Georgia,-1,18.9
111570,Georgia,2,20.0
111570,Georgia,8,18.14
111570,Hawaii,-1,20.0
111570,Hawaii,8,20.0
111570,Idaho,8,20.0
111570,Idaho,18,20.0
111570,Illinois,-1,18.9
111570,Illinois,8,18.54
111570,Illinois,18,20.0
111570,Indiana,-1,18.9
111570,Indiana,8,20.0
111570,Iowa,-1,20.0
111570,Iowa,8,20.0
111570,Kansas,-1,18.9
111570,Kansas,8,20.0
111570,Kentucky,-1,18.9
111570,Kentucky,8,20.0
111570,Louisiana,-1,18.9
111570,Louisiana,8,20.0
111570,Manitoba,-1,20.0
111570,Maryland,-1,20.0
111570,Maryland,8,18.9
111570,Massachusetts,-1,18.9
111570,Massachusetts,8,18.9
111570,Massachusetts,18,20.0
111570,Michigan,-1,18.9
111570,Michigan,1,20.0
111570,Michigan,8,18.9
111570,Michigan,18,20.0
111570,Minnesota,-1,18.9
111570,Minnesota,8,20.0
111570,Mississippi,-1,18.9
111570,Mississippi,8,20.0
111570,Missouri,-1,18.9
111570,Missouri,2,20.0
111570,Missouri,8,20.0
111570,Montana,-1,20.0
111570,Montana,8,20.0
111570,Nebraska,-1,20.0
111570,Nebraska,8,20.0
111570,Nevada,-1,20.0
111570,Nevada,8,20.0
111570,New Hampshire,-1,20.0
111570,New Hampshire,8,20.0
111570,New Jersey,-1,20.0
111570,New Jersey,2,20.0
111570,New Jersey,8,18.9
111570,New Mexico,-1,20.0
111570,New Mexico,8,20.0
111570,New York,-1,20.0
111570,New York,2,20.0
111570,New York,8,18.9
111570,North Carolina,-1,18.9
111570,North Carolina,8,18.9
111570,North Dakota,-1,20.0
111570,Ohio,-1,20.0
111570,Ohio,2,20.0
111570,Ohio,8,18.9
111570,Ohio,18,20.0
111570,Oklahoma,-1,20.0
111570,Oklahoma,2,20.0
111570,Oklahoma,8,20.0
111570,Oregon,-1,18.9
111570,Oregon,8,20.0
111570,Pennsylvania,-1,20.0
111570,Pennsylvania,2,20.0
111570,Pennsylvania,8,18.9
111570,Rhode Island,-1,20.0
111570,Rhode Island,8,20.0
111570,South Carolina,-1,18.9
111570,South Carolina,8,18.9
111570,South Dakota,-1,20.0
111570,Tennessee,-1,18.9
111570,Tennessee,2,20.0
111570,Tennessee,8,18.9
111570,Texas,-1,20.0
111570,Texas,2,20.0
111570,Texas,8,18.9
111570,Unknown,-1,20.0
111570,Unknown,2,20.0
111570,Unknown,8,20.0
111570,Unknown,18,20.0
111570,Utah,-1,18.9
111570,Utah,8,20.0
111570,Vermont,-1,20.0
111570,Vermont,8,20.0
111570,Virginia,-1,18.9
111570,Virginia,2,20.0
111570,Virginia,8,18.9
111570,Washington,-1,18.9
111570,Washington,2,18.9
111570,Washington,8,20.0
111570,West Virginia,-1,20.0
111570,West Virginia,8,20.0
111570,Wisconsin,-1,18.9
111570,Wisconsin,8,20.0
111570,Wyoming,-1,20.0
111571,Alabama,-1,18.9
111571,Alabama,8,20.0
111571,Alaska,-1,20.0
111571,Arizona,-1,18.9
111571,Arizona,8,18.9
111571,Arkansas,-1,18.9
111571,British Columbia,-1,20.0
111571,California,-1,20.0
111571,California,8,18.9
111571,California,18,20.0
111571,Colorado,-1,18.9
111571,Colorado,1,20.0
111571,Colorado,2,20.0
111571,Colorado,8,15.73
111571,Connecticut,-1,18.9
111571,Connecticut,2,20.0
111571,Connecticut,8,20.0
111571,Connecticut,18,20.0
111571,Delaware,-1,20.0
111571,Delaware,8,20.0
111571,District of Columbia,-1,20.0
111571,District of Columbia,2,20.0
111571,District of Columbia,8,20.0
111571,Florida,-1,20.0
111571,Florida,1,20.0
111571,Florida,2,20.0
111571,Florida,8,20.0
111571,Georgia,-1,18.9
111571,Georgia,8,17.79
111571,Hawaii,-1,20.0
111571,Hawaii,8,20.0
111571,Idaho,8,20.0
111571,Idaho,18,20.0
111571,Illinois,-1,18.9
111571,Illinois,8,18.9
111571,Illinois,18,20.0
111571,Indiana,-1,18.9
111571,Indiana,8,18.9
111571,Indiana,18,20.0
111571,Iowa,-1,18.9
111571,Iowa,8,20.0
111571,Kansas,-1,18.9
111571,Kansas,8,20.0
111571,Kentucky,-1,18.9
111571,Kentucky,8,20.0
111571,Louisiana,-1,20.0
111571,Louisiana,8,20.0
111571,Manitoba,-1,20.0
111571,Maryland,-1,20.0
111571,Maryland,8,18.9
111571,Massachusetts,-1,18.9
111571,Massachusetts,8,18.9
111571,Massachusetts,18,20.0
111571,Michigan,-1,20.0
111571,Michigan,8,18.9
111571,Michigan,18,20.0
111571,Minnesota,-1,18.9
111571,Minnesota,8,20.0
111571,Mississippi,-1,20.0
111571,Mississippi,8,20.0
111571,Missouri,-1,18.9
111571,Missouri,8,18.9
111571,Montana,-1,20.0
111571,Montana,8,20.0
111571,Nebraska,-1,20.0
111571,Nebraska,8,18.9
111571,Nevada,-1,20.0
111571,Nevada,8,20.0
111571,New Hampshire,-1,20.0
111571,New Hampshire,8,20.0
111571,New Jersey,-1,18.9
111571,New Jersey,8,18.9
111571,New Mexico,-1,18.9
111571,New Mexico,8,20.0
111571,New York,-1,20.0
111571,New York,2,20.0
111571,New York,8,18.9
111571,North Carolina,-1,18.9
111571,North Carolina,8,18.9
111571,North Dakota,-1,20.0
111571,Ohio,-1,20.0
111571,Ohio,2,20.0
111571,Ohio,8,18.9
111571,Ohio,18,20.0
111571,Oklahoma,-1,18.9
111571,Oklahoma,2,20.0
111571,Oklahoma,8,20.0
111571,Oregon,-1,18.9
111571,Oregon,2,20.0
111571,Oregon,8,20.0
111571,Pennsylvania,-1,20.0
111571,Pennsylvania,2,20.0
111571,Pennsylvania,8,18.9
111571,Rhode Island,-1,20.0
111571,Rhode Island,8,20.0
111571,South Carolina,-1,18.9
111571,South Carolina,8,18.9
111571,South Dakota,-1,20.0
111571,Tennessee,-1,18.9
111571,Tennessee,2,20.0
111571,Tennessee,8,18.9
111571,Texas,-1,20.0
111571,Texas,8,18.9
111571,Unknown,-1,20.0
111571,Unknown,2,20.0
111571,Unknown,8,18.9
111571,Unknown,18,20.0
111571,Utah,-1,18.9
111571,Utah,8,18.9
111571,Vermont,-1,20.0
111571,Vermont,8,20.0
111571,Virginia,-1,18.9
111571,Virginia,8,18.9
111571,Washington,-1,18.9
111571,Washington,2,18.9
111571,Washington,8,20.0
111571,West Virginia,-1,20.0
111571,West Virginia,8,20.0
111571,Wisconsin,-1,18.9
111571,Wisconsin,8,20.0
111571,Wyoming,-1,20.0
